cpt_code,descriptor,current_work_rvu,current_total_rvu,current_payment_estimate,source_label,first_commit,first_commit_date,first_commit_message,active_cms_rvu26c_row_present,likely_source,classification,site_specialty,appears_in_search,appears_in_case_builder,general_surgery_record,trauma_acs_relevant,priority_proxy_score
15732,"Muscle/myocutaneous flap, head and neck",18.86,0,0.0,none stored,6ca3c7dc0d6710d3491b430b8b92cb4a657bf726,2026-04-05,FULL CPT INTELLIGENCE PLATFORM — Complete system overhaul,No,legacy import,requires specialty review,plastic_surgery,Yes,Yes,No,No,98.86
19260,Excision of chest wall tumor including ribs,12.53,0,0.0,none stored,da31a1adeb860a57acde7ceb319cbf3e3c4cd072,2026-04-05,Phase 2: Validation engine + 110 case test suite (107/110 passing),No,unknown,requires specialty review,general_surgery,Yes,Yes,Yes,Yes,102.53
19271,"Excision of chest wall tumor including ribs, with reconstruction",18.55,0,0.0,none stored,da31a1adeb860a57acde7ceb319cbf3e3c4cd072,2026-04-05,Phase 2: Validation engine + 110 case test suite (107/110 passing),No,unknown,requires specialty review,general_surgery,Yes,Yes,Yes,Yes,108.55
19272,"Excision of chest wall tumor, including ribs, with mesh/prosthesis",20.42,0,0.0,none stored,da31a1adeb860a57acde7ceb319cbf3e3c4cd072,2026-04-05,Phase 2: Validation engine + 110 case test suite (107/110 passing),No,unknown,requires specialty review,general_surgery,Yes,Yes,Yes,Yes,110.42
19304,"Mastectomy, subcutaneous",8.95,0,0.0,none stored,6ca3c7dc0d6710d3491b430b8b92cb4a657bf726,2026-04-05,FULL CPT INTELLIGENCE PLATFORM — Complete system overhaul,No,legacy import,requires specialty review,general_surgery,Yes,Yes,Yes,Yes,98.95
20926,"Tissue grafts other; fat, dermis, fascia",3.45,0,0,abos_hand_source_url: https://ebhmc.com/cptabos/,f472fb5c60852764c01528b4fc0c6dffe87473c4,2026-04-05,"Phase 2: CPT expanded to 2,869 codes — Surgery 2071, Medicine 321, Radiology 247, E/M 113",No,specialty import,should be re-imported from authoritative source,orthopedic_surgery,Yes,Yes,No,No,78.45
22851,Application of intervertebral biomechanical device to vertebral defect,6.78,0,0.0,none stored,f472fb5c60852764c01528b4fc0c6dffe87473c4,2026-04-05,"Phase 2: CPT expanded to 2,869 codes — Surgery 2071, Medicine 321, Radiology 247, E/M 113",No,specialty import,should be re-imported from authoritative source,orthopedic_surgery,Yes,Yes,No,No,81.78
26261,Radical resection proximal or middle phalanx with autograft,12.78,0,0,abos_hand_source_url: https://ebhmc.com/cptabos/,f472fb5c60852764c01528b4fc0c6dffe87473c4,2026-04-05,"Phase 2: CPT expanded to 2,869 codes — Surgery 2071, Medicine 321, Radiology 247, E/M 113",No,specialty import,should be re-imported from authoritative source,orthopedic_surgery,Yes,Yes,No,No,87.78
27194,Closed tx pelvic ring fx; with manipulation,6.55,0,0.0,none stored,e19bfce932d61792fe69f0de0f2b8cd38c929269,2026-04-05,"Phase 2 Data Dominance: CPT 3,069 | ICD-10 2,627",No,specialty import,should be re-imported from authoritative source,orthopedics,Yes,Yes,No,No,81.55
27445,Arthroplasty knee hinge prosthesis,20.89,0,0.0,none stored,f472fb5c60852764c01528b4fc0c6dffe87473c4,2026-04-05,"Phase 2: CPT expanded to 2,869 codes — Surgery 2071, Medicine 321, Radiology 247, E/M 113",No,specialty import,should be re-imported from authoritative source,orthopedic_surgery,Yes,Yes,No,No,95.89
27468,Lengthening of long bone tibia,15.67,0,0.0,none stored,f472fb5c60852764c01528b4fc0c6dffe87473c4,2026-04-05,"Phase 2: CPT expanded to 2,869 codes — Surgery 2071, Medicine 321, Radiology 247, E/M 113",No,specialty import,should be re-imported from authoritative source,orthopedic_surgery,Yes,Yes,No,No,90.67
28440,Closed tx tarsal bone fx (excl talus/calcaneus); without manipulation,2.15,0,0.0,none stored,e19bfce932d61792fe69f0de0f2b8cd38c929269,2026-04-05,"Phase 2 Data Dominance: CPT 3,069 | ICD-10 2,627",No,specialty import,should be re-imported from authoritative source,orthopedics,Yes,Yes,No,No,77.15
29020,Application of turnbuckle jacket body cast,5.89,0,0.0,none stored,f472fb5c60852764c01528b4fc0c6dffe87473c4,2026-04-05,"Phase 2: CPT expanded to 2,869 codes — Surgery 2071, Medicine 321, Radiology 247, E/M 113",No,specialty import,should be re-imported from authoritative source,orthopedic_surgery,Yes,Yes,No,No,80.89
29025,"Application of body cast, shoulder to hips, Minerva type",3.55,0,0.0,none stored,e19bfce932d61792fe69f0de0f2b8cd38c929269,2026-04-05,"Phase 2 Data Dominance: CPT 3,069 | ICD-10 2,627",No,specialty import,should be re-imported from authoritative source,orthopedics,Yes,Yes,No,No,78.55
29582,Application of multi-layer compression; thigh and leg,1.05,0,0.0,none stored,e19bfce932d61792fe69f0de0f2b8cd38c929269,2026-04-05,"Phase 2 Data Dominance: CPT 3,069 | ICD-10 2,627",No,specialty import,should be re-imported from authoritative source,orthopedics,Yes,Yes,No,No,76.05
29583,Application of multi-layer compression; upper arm and forearm,0.85,0,0.0,none stored,e19bfce932d61792fe69f0de0f2b8cd38c929269,2026-04-05,"Phase 2 Data Dominance: CPT 3,069 | ICD-10 2,627",No,specialty import,should be re-imported from authoritative source,orthopedics,Yes,Yes,No,No,75.85
29715,Removal or bivalving of turnbuckle jacket body cast,1.56,0,0.0,none stored,f472fb5c60852764c01528b4fc0c6dffe87473c4,2026-04-05,"Phase 2: CPT expanded to 2,869 codes — Surgery 2071, Medicine 321, Radiology 247, E/M 113",No,specialty import,should be re-imported from authoritative source,orthopedic_surgery,Yes,Yes,No,No,76.56
32020,"Thoracotomy, with or without pleural biopsy",12.85,0,0.0,none stored,6ca3c7dc0d6710d3491b430b8b92cb4a657bf726,2026-04-05,FULL CPT INTELLIGENCE PLATFORM — Complete system overhaul,No,legacy import,requires specialty review,general_surgery,Yes,Yes,Yes,Yes,102.85
32602,"Thoracoscopy, with biopsy",5.3,0,0.0,none stored,da31a1adeb860a57acde7ceb319cbf3e3c4cd072,2026-04-05,Phase 2: Validation engine + 110 case test suite (107/110 passing),No,unknown,requires specialty review,general_surgery,Yes,Yes,Yes,Yes,95.3
34800,"Endovascular AAA repair, aorto-aortic tube graft",25,0,0.0,none stored,6ca3c7dc0d6710d3491b430b8b92cb4a657bf726,2026-04-05,FULL CPT INTELLIGENCE PLATFORM — Complete system overhaul,No,specialty import,requires specialty review,vascular,Yes,Yes,No,No,115.0
34802,"Endovascular AAA repair, aorto-bi-iliac graft",27.54,0,0.0,none stored,6ca3c7dc0d6710d3491b430b8b92cb4a657bf726,2026-04-05,FULL CPT INTELLIGENCE PLATFORM — Complete system overhaul,No,specialty import,requires specialty review,vascular,Yes,Yes,No,No,117.54
35450,"Transluminal balloon angioplasty, renal or visceral artery",9.84,0,0.0,none stored,6ca3c7dc0d6710d3491b430b8b92cb4a657bf726,2026-04-05,FULL CPT INTELLIGENCE PLATFORM — Complete system overhaul,No,specialty import,requires specialty review,vascular,Yes,Yes,No,No,99.84
37220,Iliac artery angioplasty,7.16,0,0.0,none stored,6ca3c7dc0d6710d3491b430b8b92cb4a657bf726,2026-04-05,FULL CPT INTELLIGENCE PLATFORM — Complete system overhaul,No,specialty import,requires specialty review,vascular,Yes,Yes,No,No,97.16
37221,Iliac artery stent placement,8.72,0,0.0,none stored,6ca3c7dc0d6710d3491b430b8b92cb4a657bf726,2026-04-05,FULL CPT INTELLIGENCE PLATFORM — Complete system overhaul,No,specialty import,requires specialty review,vascular,Yes,Yes,No,No,98.72
37224,Femoral/popliteal angioplasty,7.16,0,0.0,none stored,6ca3c7dc0d6710d3491b430b8b92cb4a657bf726,2026-04-05,FULL CPT INTELLIGENCE PLATFORM — Complete system overhaul,No,specialty import,requires specialty review,vascular,Yes,Yes,No,No,97.16
37226,Femoral/popliteal stent placement,8.72,0,0.0,none stored,6ca3c7dc0d6710d3491b430b8b92cb4a657bf726,2026-04-05,FULL CPT INTELLIGENCE PLATFORM — Complete system overhaul,No,specialty import,requires specialty review,vascular,Yes,Yes,No,No,98.72
37229,"Revascularization, tibial/peroneal, atherectomy",12.64,0,0.0,none stored,6ca3c7dc0d6710d3491b430b8b92cb4a657bf726,2026-04-05,FULL CPT INTELLIGENCE PLATFORM — Complete system overhaul,No,specialty import,requires specialty review,vascular,Yes,Yes,No,No,102.64
39400,"Mediastinoscopy; includes biopsy(ies), when performed",5.85,0,0.0,none stored,6ca3c7dc0d6710d3491b430b8b92cb4a657bf726,2026-04-05,FULL CPT INTELLIGENCE PLATFORM — Complete system overhaul,No,legacy import,requires specialty review,cardiothoracic_surgery,Yes,Yes,No,Yes,95.85
43324,"Esophagogastric fundoplasty (eg, Nissen, Belsey IV, Hill procedures)",19.06,0,0.0,none stored,6ca3c7dc0d6710d3491b430b8b92cb4a657bf726,2026-04-05,FULL CPT INTELLIGENCE PLATFORM — Complete system overhaul,No,legacy import,requires specialty review,general_surgery,Yes,Yes,Yes,Yes,109.06
47136,Liver allotransplantation heterotopic partial or whole from cadaver or living donor any age any method,52.34,0,0.0,none stored,f472fb5c60852764c01528b4fc0c6dffe87473c4,2026-04-05,"Phase 2: CPT expanded to 2,869 codes — Surgery 2071, Medicine 321, Radiology 247, E/M 113",No,specialty import,requires specialty review,gastroenterology,Yes,Yes,No,No,142.34
47505,Injection procedure for cholangiography through an existing catheter,1.23,0,0.0,none stored,f472fb5c60852764c01528b4fc0c6dffe87473c4,2026-04-05,"Phase 2: CPT expanded to 2,869 codes — Surgery 2071, Medicine 321, Radiology 247, E/M 113",No,specialty import,requires specialty review,gastroenterology,Yes,Yes,No,No,91.23
47510,"Percutaneous biliary drainage, external",5.5,0,0.0,none stored,6ca3c7dc0d6710d3491b430b8b92cb4a657bf726,2026-04-05,FULL CPT INTELLIGENCE PLATFORM — Complete system overhaul,No,legacy import,requires specialty review,general_surgery,Yes,Yes,Yes,Yes,95.5
47525,Change of percutaneous biliary drainage catheter,2.34,0,0.0,none stored,f472fb5c60852764c01528b4fc0c6dffe87473c4,2026-04-05,"Phase 2: CPT expanded to 2,869 codes — Surgery 2071, Medicine 321, Radiology 247, E/M 113",No,specialty import,requires specialty review,gastroenterology,Yes,Yes,No,Yes,92.34
47530,Revision and/or reinsertion of transhepatic tube,3.56,0,0.0,none stored,f472fb5c60852764c01528b4fc0c6dffe87473c4,2026-04-05,"Phase 2: CPT expanded to 2,869 codes — Surgery 2071, Medicine 321, Radiology 247, E/M 113",No,specialty import,requires specialty review,gastroenterology,Yes,Yes,No,No,93.56
47560,Laparoscopy surgical with guided transhepatic cholangiography without biopsy,5.89,0,0.0,none stored,f472fb5c60852764c01528b4fc0c6dffe87473c4,2026-04-05,"Phase 2: CPT expanded to 2,869 codes — Surgery 2071, Medicine 321, Radiology 247, E/M 113",No,specialty import,requires specialty review,gastroenterology,Yes,Yes,No,Yes,95.89
47561,Laparoscopy surgical with guided transhepatic cholangiography with biopsy,6.78,0,0.0,none stored,f472fb5c60852764c01528b4fc0c6dffe87473c4,2026-04-05,"Phase 2: CPT expanded to 2,869 codes — Surgery 2071, Medicine 321, Radiology 247, E/M 113",No,specialty import,requires specialty review,gastroenterology,Yes,Yes,No,Yes,96.78
47802,U-tube hepaticoenterostomy,24.56,0,0.0,none stored,f472fb5c60852764c01528b4fc0c6dffe87473c4,2026-04-05,"Phase 2: CPT expanded to 2,869 codes — Surgery 2071, Medicine 321, Radiology 247, E/M 113",No,specialty import,requires specialty review,gastroenterology,Yes,Yes,No,Yes,114.56
49203,"Excision or destruction, open, intra-abdominal tumors, cysts or endometriomas, 1 or more peritoneal, mesenteric, or retroperitoneal primary or secondary tumors; largest tumor 5 cm diameter or less",16.76,0,0.0,none stored,6ca3c7dc0d6710d3491b430b8b92cb4a657bf726,2026-04-05,FULL CPT INTELLIGENCE PLATFORM — Complete system overhaul,No,legacy import,requires specialty review,general_surgery,Yes,Yes,Yes,Yes,106.76
49566,Repair recurrent incisional or ventral hernia; incarcerated or strangulated (legacy/deleted 2023),15.53,0,0.0,wrvu_source: CMS PFS RVU22D October 2022; code deleted/replaced by 2023 anterior abdominal hernia family,6ca3c7dc0d6710d3491b430b8b92cb4a657bf726,2026-04-05,FULL CPT INTELLIGENCE PLATFORM — Complete system overhaul,No,legacy import,should be inactive/deleted,hernia_repair,Yes,Yes,Yes,Yes,85.53
49568,Implantation of mesh or other prosthesis for open incisional or ventral hernia repair (add-on),4.88,0,0.0,none stored,6ca3c7dc0d6710d3491b430b8b92cb4a657bf726,2026-04-05,FULL CPT INTELLIGENCE PLATFORM — Complete system overhaul,No,legacy import,should be inactive/deleted,hernia_repair,Yes,Yes,Yes,Yes,74.88
49580,"Repair umbilical hernia, younger than age 5 years; reducible",2.46,0,0.0,none stored,6ca3c7dc0d6710d3491b430b8b92cb4a657bf726,2026-04-05,FULL CPT INTELLIGENCE PLATFORM — Complete system overhaul,No,legacy import,should be inactive/deleted,hernia_repair,Yes,Yes,Yes,Yes,72.46
49582,"Umbilical hernia repair, <5 years, incarcerated",5.58,0,0.0,none stored,da31a1adeb860a57acde7ceb319cbf3e3c4cd072,2026-04-05,Phase 2: Validation engine + 110 case test suite (107/110 passing),No,unknown,should be inactive/deleted,general_surgery,Yes,Yes,Yes,Yes,85.58
49585,"Repair umbilical hernia, age 5 years or older; reducible",4.8,0,0.0,none stored,6ca3c7dc0d6710d3491b430b8b92cb4a657bf726,2026-04-05,FULL CPT INTELLIGENCE PLATFORM — Complete system overhaul,No,legacy import,should be inactive/deleted,hernia_repair,Yes,Yes,Yes,Yes,74.8
49587,"Repair umbilical hernia, age 5 years or older; incarcerated or strangulated",9.13,0,0.0,none stored,6ca3c7dc0d6710d3491b430b8b92cb4a657bf726,2026-04-05,FULL CPT INTELLIGENCE PLATFORM — Complete system overhaul,No,legacy import,should be inactive/deleted,hernia_repair,Yes,Yes,Yes,Yes,79.13
49590,"Spigelian hernia repair, reducible",7.83,0,0.0,none stored,da31a1adeb860a57acde7ceb319cbf3e3c4cd072,2026-04-05,Phase 2: Validation engine + 110 case test suite (107/110 passing),No,unknown,should be inactive/deleted,general_surgery,Yes,Yes,Yes,Yes,87.83
49652,"Laparoscopy, surgical; repair initial ventral hernia",8.86,0,0.0,none stored,6ca3c7dc0d6710d3491b430b8b92cb4a657bf726,2026-04-05,FULL CPT INTELLIGENCE PLATFORM — Complete system overhaul,No,legacy import,should be inactive/deleted,general_surgery,Yes,Yes,Yes,Yes,88.86
49653,"Laparoscopy, surgical; repair ventral hernia 3-10 cm",20.28,0,0.0,none stored,6ca3c7dc0d6710d3491b430b8b92cb4a657bf726,2026-04-05,FULL CPT INTELLIGENCE PLATFORM — Complete system overhaul,No,legacy import,should be inactive/deleted,general_surgery,Yes,Yes,Yes,Yes,100.28
49654,"Laparoscopy, surgical; repair ventral hernia >10 cm",22.85,0,0.0,none stored,6ca3c7dc0d6710d3491b430b8b92cb4a657bf726,2026-04-05,FULL CPT INTELLIGENCE PLATFORM — Complete system overhaul,No,legacy import,should be inactive/deleted,general_surgery,Yes,Yes,Yes,Yes,102.85
49656,"Laparoscopy, repair recurrent ventral hernia; <3 cm",12.5,0,0.0,none stored,6ca3c7dc0d6710d3491b430b8b92cb4a657bf726,2026-04-05,FULL CPT INTELLIGENCE PLATFORM — Complete system overhaul,No,legacy import,should be inactive/deleted,general_surgery,Yes,Yes,Yes,Yes,92.5
49657,"Laparoscopy, repair recurrent ventral hernia; 3-10 cm or larger",16,0,0.0,none stored,6ca3c7dc0d6710d3491b430b8b92cb4a657bf726,2026-04-05,FULL CPT INTELLIGENCE PLATFORM — Complete system overhaul,No,legacy import,should be inactive/deleted,general_surgery,Yes,Yes,Yes,Yes,96.0
52647,Laser vaporization of prostate including control of postoperative bleeding with coagulation,10.89,0,0.0,none stored,f472fb5c60852764c01528b4fc0c6dffe87473c4,2026-04-05,"Phase 2: CPT expanded to 2,869 codes — Surgery 2071, Medicine 321, Radiology 247, E/M 113",No,specialty import,requires specialty review,urology,Yes,Yes,No,No,100.89
55700,"Prostate biopsy, any approach",2.96,0,0.0,none stored,6ca3c7dc0d6710d3491b430b8b92cb4a657bf726,2026-04-05,FULL CPT INTELLIGENCE PLATFORM — Complete system overhaul,No,specialty import,requires specialty review,urology,Yes,Yes,No,Yes,92.96
57112,Exenteration of vagina; complete,35.4,0,0.0,none stored,99200a283ebf0e2a87bff1ea1cf6f3192f9c8a60,2026-04-24,Import 50 additional operative OB/GYN CPT codes,No,unknown,requires specialty review,obgyn,Yes,Yes,No,No,125.4
64402,Injection anesthetic agent facial nerve,1.34,0,0.0,none stored,f472fb5c60852764c01528b4fc0c6dffe87473c4,2026-04-05,"Phase 2: CPT expanded to 2,869 codes — Surgery 2071, Medicine 321, Radiology 247, E/M 113",No,specialty import,should be re-imported from authoritative source,pain_management,Yes,Yes,No,No,76.34
64410,Injection anesthetic agent phrenic nerve,1.34,0,0.0,none stored,f472fb5c60852764c01528b4fc0c6dffe87473c4,2026-04-05,"Phase 2: CPT expanded to 2,869 codes — Surgery 2071, Medicine 321, Radiology 247, E/M 113",No,specialty import,should be re-imported from authoritative source,pain_management,Yes,Yes,No,No,76.34
64412,Injection anesthetic agent spinal accessory nerve,1.34,0,0.0,none stored,f472fb5c60852764c01528b4fc0c6dffe87473c4,2026-04-05,"Phase 2: CPT expanded to 2,869 codes — Surgery 2071, Medicine 321, Radiology 247, E/M 113",No,specialty import,should be re-imported from authoritative source,pain_management,Yes,Yes,No,No,76.34
64413,Injection anesthetic agent cervical plexus,1.56,0,0.0,none stored,f472fb5c60852764c01528b4fc0c6dffe87473c4,2026-04-05,"Phase 2: CPT expanded to 2,869 codes — Surgery 2071, Medicine 321, Radiology 247, E/M 113",No,specialty import,should be re-imported from authoritative source,pain_management,Yes,Yes,No,No,76.56
64508,"Injection, anesthetic agent; carotid sinus (separate procedure)",1.85,0,0.0,none stored,e19bfce932d61792fe69f0de0f2b8cd38c929269,2026-04-05,"Phase 2 Data Dominance: CPT 3,069 | ICD-10 2,627",No,specialty import,requires specialty review,vascular,Yes,Yes,No,No,91.85
65455,Removal of corneal epithelium; with chelation,1.4,0,0.0,none stored,f51ab14ee20feaea261eb33c5e1d7abe623de3ed,2026-04-24,Sync ophthalmology codes across site data sources,No,specialty import,should be re-imported from authoritative source,ophthalmology,Yes,Yes,No,No,76.4
65470,Fistulectomy of cornea,4.2,0,0.0,none stored,f51ab14ee20feaea261eb33c5e1d7abe623de3ed,2026-04-24,Sync ophthalmology codes across site data sources,No,specialty import,should be re-imported from authoritative source,ophthalmology,Yes,Yes,No,No,79.2
65471,Fistulectomy of sclera,4.6,0,0.0,none stored,f51ab14ee20feaea261eb33c5e1d7abe623de3ed,2026-04-24,Sync ophthalmology codes across site data sources,No,specialty import,should be re-imported from authoritative source,ophthalmology,Yes,Yes,No,No,79.6
65472,Treatment of recurrent corneal erosion by laser,3.2,0,0.0,none stored,f51ab14ee20feaea261eb33c5e1d7abe623de3ed,2026-04-24,Sync ophthalmology codes across site data sources,No,specialty import,should be re-imported from authoritative source,ophthalmology,Yes,Yes,No,No,78.2
65473,Corneal relaxing incision for refractive correction,3.3,0,0.0,none stored,f51ab14ee20feaea261eb33c5e1d7abe623de3ed,2026-04-24,Sync ophthalmology codes across site data sources,No,specialty import,should be re-imported from authoritative source,ophthalmology,Yes,Yes,No,No,78.3
65474,Phototherapeutic keratectomy,4.8,0,0.0,none stored,f51ab14ee20feaea261eb33c5e1d7abe623de3ed,2026-04-24,Sync ophthalmology codes across site data sources,No,specialty import,should be re-imported from authoritative source,ophthalmology,Yes,Yes,No,No,79.8
65480,Destruction of lesion of sclera,2.5,0,0.0,none stored,f51ab14ee20feaea261eb33c5e1d7abe623de3ed,2026-04-24,Sync ophthalmology codes across site data sources,No,specialty import,should be re-imported from authoritative source,ophthalmology,Yes,Yes,No,No,77.5
65485,Translation or repositioning of corneal transplant,5.5,0,0.0,none stored,f51ab14ee20feaea261eb33c5e1d7abe623de3ed,2026-04-24,Sync ophthalmology codes across site data sources,No,specialty import,should be re-imported from authoritative source,ophthalmology,Yes,Yes,No,No,80.5
65490,"Removal of implanted material, anterior segment",4,0,0.0,none stored,f51ab14ee20feaea261eb33c5e1d7abe623de3ed,2026-04-24,Sync ophthalmology codes across site data sources,No,specialty import,should be re-imported from authoritative source,ophthalmology,Yes,Yes,No,No,79.0
65491,"Removal of implanted material, posterior segment",6.6,0,0.0,none stored,f51ab14ee20feaea261eb33c5e1d7abe623de3ed,2026-04-24,Sync ophthalmology codes across site data sources,No,specialty import,should be re-imported from authoritative source,ophthalmology,Yes,Yes,No,No,81.6
65897,Aqueous drainage device revision without extraocular reservoir,6.3,0,0.0,none stored,f51ab14ee20feaea261eb33c5e1d7abe623de3ed,2026-04-24,Sync ophthalmology codes across site data sources,No,specialty import,should be re-imported from authoritative source,ophthalmology,Yes,Yes,No,No,81.3
69605,"Mastoidectomy, complete, modified radical",14,0,0.0,none stored,da31a1adeb860a57acde7ceb319cbf3e3c4cd072,2026-04-05,Phase 2: Validation engine + 110 case test suite (107/110 passing),No,specialty import,should be re-imported from authoritative source,ent,Yes,Yes,No,No,89.0
72010,"XR spine, entire survey",0.75,0,0.0,none stored,e19bfce932d61792fe69f0de0f2b8cd38c929269,2026-04-05,"Phase 2 Data Dominance: CPT 3,069 | ICD-10 2,627",No,specialty import,should be re-imported from authoritative source,radiology,Yes,Yes,No,No,75.75
73500,Radiologic examination hip unilateral with pelvis when performed 1 view,0.22,0,0.0,none stored,f472fb5c60852764c01528b4fc0c6dffe87473c4,2026-04-05,"Phase 2: CPT expanded to 2,869 codes — Surgery 2071, Medicine 321, Radiology 247, E/M 113",No,specialty import,should be re-imported from authoritative source,radiology,Yes,Yes,No,No,75.22
76001,Fluoroscopy physician or other qualified health care professional time more than 1 hour,2.34,0,0.0,none stored,f472fb5c60852764c01528b4fc0c6dffe87473c4,2026-04-05,"Phase 2: CPT expanded to 2,869 codes — Surgery 2071, Medicine 321, Radiology 247, E/M 113",No,specialty import,should be re-imported from authoritative source,radiology,Yes,Yes,No,No,77.34
76101,Radiologic examination complex motion body section other than with urography,0.78,0,0.0,none stored,f472fb5c60852764c01528b4fc0c6dffe87473c4,2026-04-05,"Phase 2: CPT expanded to 2,869 codes — Surgery 2071, Medicine 321, Radiology 247, E/M 113",No,specialty import,should be re-imported from authoritative source,radiology,Yes,Yes,No,No,75.78
76102,Radiologic examination complex motion body section other than with urography each additional section,0.34,0,0.0,none stored,f472fb5c60852764c01528b4fc0c6dffe87473c4,2026-04-05,"Phase 2: CPT expanded to 2,869 codes — Surgery 2071, Medicine 321, Radiology 247, E/M 113",No,specialty import,should be re-imported from authoritative source,radiology,Yes,Yes,No,No,75.34
77014,CT guidance for drainage procedure,1.44,0,0.0,none stored,6ca3c7dc0d6710d3491b430b8b92cb4a657bf726,2026-04-05,FULL CPT INTELLIGENCE PLATFORM — Complete system overhaul,No,legacy import,requires specialty review,interventional_radiology,Yes,Yes,No,No,81.44
77385,Intensity modulated radiation treatment delivery; simple,0.85,0,0.0,none stored,e19bfce932d61792fe69f0de0f2b8cd38c929269,2026-04-05,"Phase 2 Data Dominance: CPT 3,069 | ICD-10 2,627",No,specialty import,should be re-imported from authoritative source,radiation_oncology,Yes,Yes,No,No,75.85
77386,Intensity modulated radiation treatment delivery; complex,1.25,0,0.0,none stored,e19bfce932d61792fe69f0de0f2b8cd38c929269,2026-04-05,"Phase 2 Data Dominance: CPT 3,069 | ICD-10 2,627",No,specialty import,should be re-imported from authoritative source,radiation_oncology,Yes,Yes,No,No,76.25
77401,"Radiation treatment delivery, superficial and/or ortho voltage",0.2,0,0.0,none stored,e19bfce932d61792fe69f0de0f2b8cd38c929269,2026-04-05,"Phase 2 Data Dominance: CPT 3,069 | ICD-10 2,627",No,specialty import,should be re-imported from authoritative source,radiation_oncology,Yes,Yes,No,No,75.2
91120,Rectal sensation tone and compliance test,1.23,0,0.0,none stored,f472fb5c60852764c01528b4fc0c6dffe87473c4,2026-04-05,"Phase 2: CPT expanded to 2,869 codes — Surgery 2071, Medicine 321, Radiology 247, E/M 113",No,specialty import,requires specialty review,gastroenterology,Yes,Yes,No,No,91.23
91122,Anorectal manometry,1.56,0,0.0,none stored,f472fb5c60852764c01528b4fc0c6dffe87473c4,2026-04-05,"Phase 2: CPT expanded to 2,869 codes — Surgery 2071, Medicine 321, Radiology 247, E/M 113",No,specialty import,requires specialty review,gastroenterology,Yes,Yes,No,No,91.56
92925,Percutaneous transluminal coronary atherectomy with coronary angioplasty each additional vessel,5.23,0,0.0,none stored,f472fb5c60852764c01528b4fc0c6dffe87473c4,2026-04-05,"Phase 2: CPT expanded to 2,869 codes — Surgery 2071, Medicine 321, Radiology 247, E/M 113",No,specialty import,requires specialty review,interventional_cardiology,Yes,Yes,No,No,95.23
92929,PCI with coronary stent; each additional branch (add-on),4.63,0,0.0,none stored,6ca3c7dc0d6710d3491b430b8b92cb4a657bf726,2026-04-05,FULL CPT INTELLIGENCE PLATFORM — Complete system overhaul,No,legacy import,requires specialty review,general_surgery,Yes,Yes,Yes,Yes,94.63
92934,Percutaneous transluminal coronary atherectomy with intracoronary stent each additional vessel,5.89,0,0.0,none stored,f472fb5c60852764c01528b4fc0c6dffe87473c4,2026-04-05,"Phase 2: CPT expanded to 2,869 codes — Surgery 2071, Medicine 321, Radiology 247, E/M 113",No,specialty import,requires specialty review,interventional_cardiology,Yes,Yes,No,No,95.89
92938,Percutaneous transluminal revascularization of or through coronary artery bypass graft each additional vessel,5.34,0,0.0,none stored,f472fb5c60852764c01528b4fc0c6dffe87473c4,2026-04-05,"Phase 2: CPT expanded to 2,869 codes — Surgery 2071, Medicine 321, Radiology 247, E/M 113",No,specialty import,requires specialty review,vascular,Yes,Yes,No,No,95.34
92944,Percutaneous transluminal revascularization of chronic total occlusion each additional coronary artery,6.12,0,0.0,none stored,f472fb5c60852764c01528b4fc0c6dffe87473c4,2026-04-05,"Phase 2: CPT expanded to 2,869 codes — Surgery 2071, Medicine 321, Radiology 247, E/M 113",No,specialty import,requires specialty review,interventional_cardiology,Yes,Yes,No,No,96.12
92975,Thrombolysis coronary by intracoronary infusion,1.9,0,0.0,none stored,f472fb5c60852764c01528b4fc0c6dffe87473c4,2026-04-05,"Phase 2: CPT expanded to 2,869 codes — Surgery 2071, Medicine 321, Radiology 247, E/M 113",No,specialty import,requires specialty review,interventional_cardiology,Yes,Yes,No,No,91.9
92977,Thrombolysis coronary by intravenous infusion,3.12,0,0.0,none stored,f472fb5c60852764c01528b4fc0c6dffe87473c4,2026-04-05,"Phase 2: CPT expanded to 2,869 codes — Surgery 2071, Medicine 321, Radiology 247, E/M 113",No,specialty import,requires specialty review,interventional_cardiology,Yes,Yes,No,No,93.12
93530,Right heart catheterization for congenital cardiac anomalies,2.93,0,0.0,none stored,f472fb5c60852764c01528b4fc0c6dffe87473c4,2026-04-05,"Phase 2: CPT expanded to 2,869 codes — Surgery 2071, Medicine 321, Radiology 247, E/M 113",No,specialty import,requires specialty review,diagnostic_cardiology,Yes,Yes,No,No,82.93
93531,Combined right heart catheterization and retrograde left heart catheterization for congenital cardiac anomalies,7.89,0,0.0,none stored,f472fb5c60852764c01528b4fc0c6dffe87473c4,2026-04-05,"Phase 2: CPT expanded to 2,869 codes — Surgery 2071, Medicine 321, Radiology 247, E/M 113",No,specialty import,requires specialty review,diagnostic_cardiology,Yes,Yes,No,No,87.89
93532,Combined right heart catheterization and transseptal left heart catheterization through intact septum for congenital cardiac anomalies,8.34,0,0.0,none stored,f472fb5c60852764c01528b4fc0c6dffe87473c4,2026-04-05,"Phase 2: CPT expanded to 2,869 codes — Surgery 2071, Medicine 321, Radiology 247, E/M 113",No,specialty import,requires specialty review,diagnostic_cardiology,Yes,Yes,No,No,88.34
93533,Combined right heart catheterization and transseptal left heart catheterization through existing septal opening for congenital cardiac anomalies,7.56,0,0.0,none stored,f472fb5c60852764c01528b4fc0c6dffe87473c4,2026-04-05,"Phase 2: CPT expanded to 2,869 codes — Surgery 2071, Medicine 321, Radiology 247, E/M 113",No,specialty import,requires specialty review,diagnostic_cardiology,Yes,Yes,No,No,87.56
93561,Indicator dilution studies injection procedure for cardiac output measurement,0.89,0,0.0,none stored,f472fb5c60852764c01528b4fc0c6dffe87473c4,2026-04-05,"Phase 2: CPT expanded to 2,869 codes — Surgery 2071, Medicine 321, Radiology 247, E/M 113",No,specialty import,requires specialty review,diagnostic_cardiology,Yes,Yes,No,No,80.89
93562,Indicator dilution studies subsequent measurement of cardiac output,0.45,0,0.0,none stored,f472fb5c60852764c01528b4fc0c6dffe87473c4,2026-04-05,"Phase 2: CPT expanded to 2,869 codes — Surgery 2071, Medicine 321, Radiology 247, E/M 113",No,specialty import,requires specialty review,diagnostic_cardiology,Yes,Yes,No,No,80.45
94250,Expired gas collection quantitative single procedure,0.23,0,0.0,none stored,f472fb5c60852764c01528b4fc0c6dffe87473c4,2026-04-05,"Phase 2: CPT expanded to 2,869 codes — Surgery 2071, Medicine 321, Radiology 247, E/M 113",No,specialty import,should be re-imported from authoritative source,pulmonology,Yes,Yes,No,No,75.23
94400,Breathing response to CO2,0.89,0,0.0,none stored,f472fb5c60852764c01528b4fc0c6dffe87473c4,2026-04-05,"Phase 2: CPT expanded to 2,869 codes — Surgery 2071, Medicine 321, Radiology 247, E/M 113",No,specialty import,should be re-imported from authoritative source,pulmonology,Yes,Yes,No,No,75.89
94620,Pulmonary stress testing (cardiopulmonary exercise),1.42,0,0.0,none stored,6ca3c7dc0d6710d3491b430b8b92cb4a657bf726,2026-04-05,FULL CPT INTELLIGENCE PLATFORM — Complete system overhaul,No,specialty import,should be re-imported from authoritative source,pulmonology,Yes,Yes,No,No,76.42
94662,Continuous negative pressure ventilation CNP initiation and management,1.34,0,0.0,none stored,f472fb5c60852764c01528b4fc0c6dffe87473c4,2026-04-05,"Phase 2: CPT expanded to 2,869 codes — Surgery 2071, Medicine 321, Radiology 247, E/M 113",No,specialty import,should be re-imported from authoritative source,pulmonology,Yes,Yes,No,No,76.34
94720,Carbon monoxide diffusing capacity DLCO,0.56,0,0.0,none stored,f472fb5c60852764c01528b4fc0c6dffe87473c4,2026-04-05,"Phase 2: CPT expanded to 2,869 codes — Surgery 2071, Medicine 321, Radiology 247, E/M 113",No,specialty import,should be re-imported from authoritative source,pulmonology,Yes,Yes,No,No,75.56
94750,Pulmonary compliance study lung or thorax,0.89,0,0.0,none stored,f472fb5c60852764c01528b4fc0c6dffe87473c4,2026-04-05,"Phase 2: CPT expanded to 2,869 codes — Surgery 2071, Medicine 321, Radiology 247, E/M 113",No,specialty import,should be re-imported from authoritative source,pulmonology,Yes,Yes,No,No,75.89
94770,Carbon dioxide expired gas determination by infrared analyzer,0.23,0,0.0,none stored,f472fb5c60852764c01528b4fc0c6dffe87473c4,2026-04-05,"Phase 2: CPT expanded to 2,869 codes — Surgery 2071, Medicine 321, Radiology 247, E/M 113",No,specialty import,should be re-imported from authoritative source,pulmonology,Yes,Yes,No,No,75.23
99218,"Initial observation care, straightforward/low",1.82,0,0.0,none stored,6ca3c7dc0d6710d3491b430b8b92cb4a657bf726,2026-04-05,FULL CPT INTELLIGENCE PLATFORM — Complete system overhaul,No,legacy import,should be inactive/deleted,internal_medicine,Yes,Yes,No,No,71.82
99219,"Initial observation care, moderate",0.59,0,0.0,none stored,6ca3c7dc0d6710d3491b430b8b92cb4a657bf726,2026-04-05,FULL CPT INTELLIGENCE PLATFORM — Complete system overhaul,No,legacy import,should be inactive/deleted,internal_medicine,Yes,Yes,No,No,70.59
99220,"Initial observation care, high",3.56,0,0.0,none stored,6ca3c7dc0d6710d3491b430b8b92cb4a657bf726,2026-04-05,FULL CPT INTELLIGENCE PLATFORM — Complete system overhaul,No,legacy import,should be inactive/deleted,internal_medicine,Yes,Yes,No,No,73.56
99224,"Subsequent observation care, straightforward",0.74,0,0.0,none stored,6ca3c7dc0d6710d3491b430b8b92cb4a657bf726,2026-04-05,FULL CPT INTELLIGENCE PLATFORM — Complete system overhaul,No,legacy import,should be inactive/deleted,internal_medicine,Yes,Yes,No,No,70.74
99225,"Subsequent observation care, moderate",1.39,0,0.0,none stored,6ca3c7dc0d6710d3491b430b8b92cb4a657bf726,2026-04-05,FULL CPT INTELLIGENCE PLATFORM — Complete system overhaul,No,legacy import,should be inactive/deleted,internal_medicine,Yes,Yes,No,No,71.39
99226,"Subsequent observation care, high",2,0,0.0,none stored,6ca3c7dc0d6710d3491b430b8b92cb4a657bf726,2026-04-05,FULL CPT INTELLIGENCE PLATFORM — Complete system overhaul,No,legacy import,should be inactive/deleted,internal_medicine,Yes,Yes,No,No,72.0
99241,"Office consultation, straightforward",0.64,0,0.0,none stored,6ca3c7dc0d6710d3491b430b8b92cb4a657bf726,2026-04-05,FULL CPT INTELLIGENCE PLATFORM — Complete system overhaul,No,legacy import,should be inactive/deleted,internal_medicine,Yes,Yes,No,No,70.64
99251,"Inpatient consultation, straightforward",0.64,0,0.0,none stored,6ca3c7dc0d6710d3491b430b8b92cb4a657bf726,2026-04-05,FULL CPT INTELLIGENCE PLATFORM — Complete system overhaul,No,legacy import,should be inactive/deleted,internal_medicine,Yes,Yes,No,No,70.64
99343,"Home visit, new patient, moderate",2.46,0,0.0,none stored,6ca3c7dc0d6710d3491b430b8b92cb4a657bf726,2026-04-05,FULL CPT INTELLIGENCE PLATFORM — Complete system overhaul,No,legacy import,should be inactive/deleted,internal_medicine,Yes,Yes,No,No,72.46
99354,"Prolonged service, outpatient, first hour",2.33,0,0.0,none stored,6ca3c7dc0d6710d3491b430b8b92cb4a657bf726,2026-04-05,FULL CPT INTELLIGENCE PLATFORM — Complete system overhaul,No,legacy import,should be inactive/deleted,internal_medicine,Yes,Yes,No,No,72.33
99355,"Prolonged service, outpatient, each additional 30 min",2.33,0,0.0,none stored,6ca3c7dc0d6710d3491b430b8b92cb4a657bf726,2026-04-05,FULL CPT INTELLIGENCE PLATFORM — Complete system overhaul,No,legacy import,should be inactive/deleted,internal_medicine,Yes,Yes,No,No,72.33
99356,"Prolonged service, inpatient, first hour",2.33,0,0.0,none stored,6ca3c7dc0d6710d3491b430b8b92cb4a657bf726,2026-04-05,FULL CPT INTELLIGENCE PLATFORM — Complete system overhaul,No,legacy import,should be inactive/deleted,internal_medicine,Yes,Yes,No,No,72.33
99357,"Prolonged service, inpatient, each additional 30 min",2.33,0,0.0,none stored,6ca3c7dc0d6710d3491b430b8b92cb4a657bf726,2026-04-05,FULL CPT INTELLIGENCE PLATFORM — Complete system overhaul,No,legacy import,should be inactive/deleted,internal_medicine,Yes,Yes,No,No,72.33
99441,"Telephone E/M, 5-10 min",0.5,0,0.0,none stored,da31a1adeb860a57acde7ceb319cbf3e3c4cd072,2026-04-05,Phase 2: Validation engine + 110 case test suite (107/110 passing),No,unknown,should be inactive/deleted,internal_medicine,Yes,Yes,No,No,70.5
99442,"Telephone E/M, 11-20 min",0.97,0,0.0,none stored,da31a1adeb860a57acde7ceb319cbf3e3c4cd072,2026-04-05,Phase 2: Validation engine + 110 case test suite (107/110 passing),No,unknown,should be inactive/deleted,internal_medicine,Yes,Yes,No,No,70.97
99443,"Telephone E/M, 21-30 min",1.5,0,0.0,none stored,da31a1adeb860a57acde7ceb319cbf3e3c4cd072,2026-04-05,Phase 2: Validation engine + 110 case test suite (107/110 passing),No,unknown,should be inactive/deleted,internal_medicine,Yes,Yes,No,No,71.5
