cpt_code,page_url,canonical_descriptor,title_mismatch,h1_mismatch,descriptor_mismatch,dataset_defect_classification,recommendation
37220,codes/37220.html,Iliac artery angioplasty,Yes,Yes,Yes,requires specialty review,"Metadata regeneration alone fixes the page mismatch, but source/RVU disposition still remains because this code is in the dataset-defect population."
37221,codes/37221.html,Iliac artery stent placement,Yes,Yes,Yes,requires specialty review,"Metadata regeneration alone fixes the page mismatch, but source/RVU disposition still remains because this code is in the dataset-defect population."
37224,codes/37224.html,Femoral/popliteal angioplasty,Yes,Yes,Yes,requires specialty review,"Metadata regeneration alone fixes the page mismatch, but source/RVU disposition still remains because this code is in the dataset-defect population."
37226,codes/37226.html,Femoral/popliteal stent placement,Yes,Yes,Yes,requires specialty review,"Metadata regeneration alone fixes the page mismatch, but source/RVU disposition still remains because this code is in the dataset-defect population."
47510,codes/47510.html,"Percutaneous biliary drainage, external",Yes,Yes,Yes,requires specialty review,"Metadata regeneration alone fixes the page mismatch, but source/RVU disposition still remains because this code is in the dataset-defect population."
49652,codes/49652.html,"Laparoscopy, surgical; repair initial ventral hernia",Yes,Yes,Yes,should be inactive/deleted,"Metadata regeneration alone fixes the page mismatch, but source/RVU disposition still remains because this code is in the dataset-defect population."
49653,codes/49653.html,"Laparoscopy, surgical; repair ventral hernia 3-10 cm",Yes,Yes,Yes,should be inactive/deleted,"Metadata regeneration alone fixes the page mismatch, but source/RVU disposition still remains because this code is in the dataset-defect population."
49654,codes/49654.html,"Laparoscopy, surgical; repair ventral hernia >10 cm",Yes,Yes,Yes,should be inactive/deleted,"Metadata regeneration alone fixes the page mismatch, but source/RVU disposition still remains because this code is in the dataset-defect population."
49656,codes/49656.html,"Laparoscopy, repair recurrent ventral hernia; <3 cm",Yes,Yes,Yes,should be inactive/deleted,"Metadata regeneration alone fixes the page mismatch, but source/RVU disposition still remains because this code is in the dataset-defect population."
49657,codes/49657.html,"Laparoscopy, repair recurrent ventral hernia; 3-10 cm or larger",Yes,Yes,Yes,should be inactive/deleted,"Metadata regeneration alone fixes the page mismatch, but source/RVU disposition still remains because this code is in the dataset-defect population."
92929,codes/92929.html,PCI with coronary stent; each additional branch (add-on),Yes,Yes,Yes,requires specialty review,"Metadata regeneration alone fixes the page mismatch, but source/RVU disposition still remains because this code is in the dataset-defect population."
