cpt_code,site_active_cpt,present_in_cms_rvu26c,cms_status_indicator,payment_status,site_specialty,site_descriptor,cms_descriptor,site_work_rvu,cms_work_rvu,site_total_rvu,cms_total_rvu,appears_in_search,appears_in_case_builder,classification,risk_score,recommended_remediation
47136,Yes,No,ABSENT,No row in CMS RVU26C baseline,gastroenterology,Liver allotransplantation heterotopic partial or whole from cadaver or living donor any age any method,,52.34,,0,,Yes,Yes,dataset defect,170.34,"High priority: source-row mismatch or legacy specialty-import artifact. Verify current CPT/CMS status, then either restore CMS total/payment or reclassify inactive/deleted."
57112,Yes,No,ABSENT,No row in CMS RVU26C baseline,obgyn,Exenteration of vagina; complete,,35.4,,0,,Yes,Yes,dataset defect,153.4,"High priority: source-row mismatch or legacy specialty-import artifact. Verify current CPT/CMS status, then either restore CMS total/payment or reclassify inactive/deleted."
34802,Yes,No,ABSENT,No row in CMS RVU26C baseline,vascular,"Endovascular AAA repair, aorto-bi-iliac graft",,27.54,,0,,Yes,Yes,dataset defect,145.54,"High priority: source-row mismatch or legacy specialty-import artifact. Verify current CPT/CMS status, then either restore CMS total/payment or reclassify inactive/deleted."
34800,Yes,No,ABSENT,No row in CMS RVU26C baseline,vascular,"Endovascular AAA repair, aorto-aortic tube graft",,25,,0,,Yes,Yes,dataset defect,143.0,"High priority: source-row mismatch or legacy specialty-import artifact. Verify current CPT/CMS status, then either restore CMS total/payment or reclassify inactive/deleted."
47802,Yes,No,ABSENT,No row in CMS RVU26C baseline,gastroenterology,U-tube hepaticoenterostomy,,24.56,,0,,Yes,Yes,dataset defect,142.56,"High priority: source-row mismatch or legacy specialty-import artifact. Verify current CPT/CMS status, then either restore CMS total/payment or reclassify inactive/deleted."
49654,Yes,No,ABSENT,No row in CMS RVU26C baseline,general_surgery,"Laparoscopy, surgical; repair ventral hernia >10 cm",,22.85,,0,,Yes,Yes,dataset defect,140.85,"High priority: source-row mismatch or legacy specialty-import artifact. Verify current CPT/CMS status, then either restore CMS total/payment or reclassify inactive/deleted."
27445,Yes,No,ABSENT,No row in CMS RVU26C baseline,orthopedic_surgery,Arthroplasty knee hinge prosthesis,,20.89,,0,,Yes,Yes,dataset defect,138.89,"High priority: source-row mismatch or legacy specialty-import artifact. Verify current CPT/CMS status, then either restore CMS total/payment or reclassify inactive/deleted."
19272,Yes,No,ABSENT,No row in CMS RVU26C baseline,general_surgery,"Excision of chest wall tumor, including ribs, with mesh/prosthesis",,20.42,,0,,Yes,Yes,dataset defect,138.42,"High priority: source-row mismatch or legacy specialty-import artifact. Verify current CPT/CMS status, then either restore CMS total/payment or reclassify inactive/deleted."
49653,Yes,No,ABSENT,No row in CMS RVU26C baseline,general_surgery,"Laparoscopy, surgical; repair ventral hernia 3-10 cm",,20.28,,0,,Yes,Yes,dataset defect,138.28,"High priority: source-row mismatch or legacy specialty-import artifact. Verify current CPT/CMS status, then either restore CMS total/payment or reclassify inactive/deleted."
43324,Yes,No,ABSENT,No row in CMS RVU26C baseline,general_surgery,"Esophagogastric fundoplasty (eg, Nissen, Belsey IV, Hill procedures)",,19.06,,0,,Yes,Yes,dataset defect,137.06,"High priority: source-row mismatch or legacy specialty-import artifact. Verify current CPT/CMS status, then either restore CMS total/payment or reclassify inactive/deleted."
19271,Yes,No,ABSENT,No row in CMS RVU26C baseline,general_surgery,"Excision of chest wall tumor including ribs, with reconstruction",,18.55,,0,,Yes,Yes,dataset defect,136.55,"High priority: source-row mismatch or legacy specialty-import artifact. Verify current CPT/CMS status, then either restore CMS total/payment or reclassify inactive/deleted."
49203,Yes,No,ABSENT,No row in CMS RVU26C baseline,general_surgery,"Excision or destruction, open, intra-abdominal tumors, cysts or endometriomas, 1 or more peritoneal, mesenteric, or retroperitoneal primary or secondary tumors; largest tumor 5 cm diameter or less",,16.76,,0,,Yes,Yes,dataset defect,134.76,"High priority: source-row mismatch or legacy specialty-import artifact. Verify current CPT/CMS status, then either restore CMS total/payment or reclassify inactive/deleted."
49657,Yes,No,ABSENT,No row in CMS RVU26C baseline,general_surgery,"Laparoscopy, repair recurrent ventral hernia; 3-10 cm or larger",,16,,0,,Yes,Yes,dataset defect,134.0,"High priority: source-row mismatch or legacy specialty-import artifact. Verify current CPT/CMS status, then either restore CMS total/payment or reclassify inactive/deleted."
27468,Yes,No,ABSENT,No row in CMS RVU26C baseline,orthopedic_surgery,Lengthening of long bone tibia,,15.67,,0,,Yes,Yes,dataset defect,133.67,"High priority: source-row mismatch or legacy specialty-import artifact. Verify current CPT/CMS status, then either restore CMS total/payment or reclassify inactive/deleted."
32020,Yes,No,ABSENT,No row in CMS RVU26C baseline,general_surgery,"Thoracotomy, with or without pleural biopsy",,12.85,,0,,Yes,Yes,dataset defect,130.85,"High priority: source-row mismatch or legacy specialty-import artifact. Verify current CPT/CMS status, then either restore CMS total/payment or reclassify inactive/deleted."
26261,Yes,No,ABSENT,No row in CMS RVU26C baseline,orthopedic_surgery,Radical resection proximal or middle phalanx with autograft,,12.78,,0,,Yes,Yes,dataset defect,130.78,"High priority: source-row mismatch or legacy specialty-import artifact. Verify current CPT/CMS status, then either restore CMS total/payment or reclassify inactive/deleted."
37229,Yes,No,ABSENT,No row in CMS RVU26C baseline,vascular,"Revascularization, tibial/peroneal, atherectomy",,12.64,,0,,Yes,Yes,dataset defect,130.64,"High priority: source-row mismatch or legacy specialty-import artifact. Verify current CPT/CMS status, then either restore CMS total/payment or reclassify inactive/deleted."
19260,Yes,No,ABSENT,No row in CMS RVU26C baseline,general_surgery,Excision of chest wall tumor including ribs,,12.53,,0,,Yes,Yes,dataset defect,130.53,"High priority: source-row mismatch or legacy specialty-import artifact. Verify current CPT/CMS status, then either restore CMS total/payment or reclassify inactive/deleted."
49656,Yes,No,ABSENT,No row in CMS RVU26C baseline,general_surgery,"Laparoscopy, repair recurrent ventral hernia; <3 cm",,12.5,,0,,Yes,Yes,dataset defect,130.5,"High priority: source-row mismatch or legacy specialty-import artifact. Verify current CPT/CMS status, then either restore CMS total/payment or reclassify inactive/deleted."
52647,Yes,No,ABSENT,No row in CMS RVU26C baseline,urology,Laser vaporization of prostate including control of postoperative bleeding with coagulation,,10.89,,0,,Yes,Yes,dataset defect,128.89,"High priority: source-row mismatch or legacy specialty-import artifact. Verify current CPT/CMS status, then either restore CMS total/payment or reclassify inactive/deleted."
15732,Yes,No,ABSENT,No row in CMS RVU26C baseline,plastic_surgery,"Muscle/myocutaneous flap, head and neck",,18.86,,0,,Yes,Yes,dataset defect,128.86,"High priority: source-row mismatch or legacy specialty-import artifact. Verify current CPT/CMS status, then either restore CMS total/payment or reclassify inactive/deleted."
35450,Yes,No,ABSENT,No row in CMS RVU26C baseline,vascular,"Transluminal balloon angioplasty, renal or visceral artery",,9.84,,0,,Yes,Yes,dataset defect,127.84,"High priority: source-row mismatch or legacy specialty-import artifact. Verify current CPT/CMS status, then either restore CMS total/payment or reclassify inactive/deleted."
19304,Yes,No,ABSENT,No row in CMS RVU26C baseline,general_surgery,"Mastectomy, subcutaneous",,8.95,,0,,Yes,Yes,dataset defect,126.95,"High priority: source-row mismatch or legacy specialty-import artifact. Verify current CPT/CMS status, then either restore CMS total/payment or reclassify inactive/deleted."
49652,Yes,No,ABSENT,No row in CMS RVU26C baseline,general_surgery,"Laparoscopy, surgical; repair initial ventral hernia",,8.86,,0,,Yes,Yes,dataset defect,126.86,"High priority: source-row mismatch or legacy specialty-import artifact. Verify current CPT/CMS status, then either restore CMS total/payment or reclassify inactive/deleted."
37221,Yes,No,ABSENT,No row in CMS RVU26C baseline,vascular,Iliac artery stent placement,,8.72,,0,,Yes,Yes,dataset defect,126.72,"High priority: source-row mismatch or legacy specialty-import artifact. Verify current CPT/CMS status, then either restore CMS total/payment or reclassify inactive/deleted."
37226,Yes,No,ABSENT,No row in CMS RVU26C baseline,vascular,Femoral/popliteal stent placement,,8.72,,0,,Yes,Yes,dataset defect,126.72,"High priority: source-row mismatch or legacy specialty-import artifact. Verify current CPT/CMS status, then either restore CMS total/payment or reclassify inactive/deleted."
49590,Yes,No,ABSENT,No row in CMS RVU26C baseline,general_surgery,"Spigelian hernia repair, reducible",,7.83,,0,,Yes,Yes,dataset defect,125.83,"High priority: source-row mismatch or legacy specialty-import artifact. Verify current CPT/CMS status, then either restore CMS total/payment or reclassify inactive/deleted."
49566,Yes,No,ABSENT,No row in CMS RVU26C baseline,hernia_repair,Repair recurrent incisional or ventral hernia; incarcerated or strangulated (legacy/deleted 2023),,15.53,,0,,Yes,Yes,dataset defect,125.53,"High priority: source-row mismatch or legacy specialty-import artifact. Verify current CPT/CMS status, then either restore CMS total/payment or reclassify inactive/deleted."
37220,Yes,No,ABSENT,No row in CMS RVU26C baseline,vascular,Iliac artery angioplasty,,7.16,,0,,Yes,Yes,dataset defect,125.16,"High priority: source-row mismatch or legacy specialty-import artifact. Verify current CPT/CMS status, then either restore CMS total/payment or reclassify inactive/deleted."
37224,Yes,No,ABSENT,No row in CMS RVU26C baseline,vascular,Femoral/popliteal angioplasty,,7.16,,0,,Yes,Yes,dataset defect,125.16,"High priority: source-row mismatch or legacy specialty-import artifact. Verify current CPT/CMS status, then either restore CMS total/payment or reclassify inactive/deleted."
22851,Yes,No,ABSENT,No row in CMS RVU26C baseline,orthopedic_surgery,Application of intervertebral biomechanical device to vertebral defect,,6.78,,0,,Yes,Yes,dataset defect,124.78,"High priority: source-row mismatch or legacy specialty-import artifact. Verify current CPT/CMS status, then either restore CMS total/payment or reclassify inactive/deleted."
47561,Yes,No,ABSENT,No row in CMS RVU26C baseline,gastroenterology,Laparoscopy surgical with guided transhepatic cholangiography with biopsy,,6.78,,0,,Yes,Yes,dataset defect,124.78,"High priority: source-row mismatch or legacy specialty-import artifact. Verify current CPT/CMS status, then either restore CMS total/payment or reclassify inactive/deleted."
92944,Yes,No,ABSENT,No row in CMS RVU26C baseline,interventional_cardiology,Percutaneous transluminal revascularization of chronic total occlusion each additional coronary artery,,6.12,,0,,Yes,Yes,dataset defect,124.12,"High priority: source-row mismatch or legacy specialty-import artifact. Verify current CPT/CMS status, then either restore CMS total/payment or reclassify inactive/deleted."
69605,Yes,No,ABSENT,No row in CMS RVU26C baseline,ent,"Mastoidectomy, complete, modified radical",,14,,0,,Yes,Yes,dataset defect,124.0,"High priority: source-row mismatch or legacy specialty-import artifact. Verify current CPT/CMS status, then either restore CMS total/payment or reclassify inactive/deleted."
29020,Yes,No,ABSENT,No row in CMS RVU26C baseline,orthopedic_surgery,Application of turnbuckle jacket body cast,,5.89,,0,,Yes,Yes,dataset defect,123.89,"High priority: source-row mismatch or legacy specialty-import artifact. Verify current CPT/CMS status, then either restore CMS total/payment or reclassify inactive/deleted."
47560,Yes,No,ABSENT,No row in CMS RVU26C baseline,gastroenterology,Laparoscopy surgical with guided transhepatic cholangiography without biopsy,,5.89,,0,,Yes,Yes,dataset defect,123.89,"High priority: source-row mismatch or legacy specialty-import artifact. Verify current CPT/CMS status, then either restore CMS total/payment or reclassify inactive/deleted."
92934,Yes,No,ABSENT,No row in CMS RVU26C baseline,interventional_cardiology,Percutaneous transluminal coronary atherectomy with intracoronary stent each additional vessel,,5.89,,0,,Yes,Yes,dataset defect,123.89,"High priority: source-row mismatch or legacy specialty-import artifact. Verify current CPT/CMS status, then either restore CMS total/payment or reclassify inactive/deleted."
39400,Yes,No,ABSENT,No row in CMS RVU26C baseline,cardiothoracic_surgery,"Mediastinoscopy; includes biopsy(ies), when performed",,5.85,,0,,Yes,Yes,dataset defect,123.85,"High priority: source-row mismatch or legacy specialty-import artifact. Verify current CPT/CMS status, then either restore CMS total/payment or reclassify inactive/deleted."
49582,Yes,No,ABSENT,No row in CMS RVU26C baseline,general_surgery,"Umbilical hernia repair, <5 years, incarcerated",,5.58,,0,,Yes,Yes,dataset defect,123.58,"High priority: source-row mismatch or legacy specialty-import artifact. Verify current CPT/CMS status, then either restore CMS total/payment or reclassify inactive/deleted."
47510,Yes,No,ABSENT,No row in CMS RVU26C baseline,general_surgery,"Percutaneous biliary drainage, external",,5.5,,0,,Yes,Yes,dataset defect,123.5,"High priority: source-row mismatch or legacy specialty-import artifact. Verify current CPT/CMS status, then either restore CMS total/payment or reclassify inactive/deleted."
92938,Yes,No,ABSENT,No row in CMS RVU26C baseline,vascular,Percutaneous transluminal revascularization of or through coronary artery bypass graft each additional vessel,,5.34,,0,,Yes,Yes,dataset defect,123.34,"High priority: source-row mismatch or legacy specialty-import artifact. Verify current CPT/CMS status, then either restore CMS total/payment or reclassify inactive/deleted."
32602,Yes,No,ABSENT,No row in CMS RVU26C baseline,general_surgery,"Thoracoscopy, with biopsy",,5.3,,0,,Yes,Yes,dataset defect,123.3,"High priority: source-row mismatch or legacy specialty-import artifact. Verify current CPT/CMS status, then either restore CMS total/payment or reclassify inactive/deleted."
92925,Yes,No,ABSENT,No row in CMS RVU26C baseline,interventional_cardiology,Percutaneous transluminal coronary atherectomy with coronary angioplasty each additional vessel,,5.23,,0,,Yes,Yes,dataset defect,123.23,"High priority: source-row mismatch or legacy specialty-import artifact. Verify current CPT/CMS status, then either restore CMS total/payment or reclassify inactive/deleted."
92929,Yes,No,ABSENT,No row in CMS RVU26C baseline,general_surgery,PCI with coronary stent; each additional branch (add-on),,4.63,,0,,Yes,Yes,dataset defect,122.63,"High priority: source-row mismatch or legacy specialty-import artifact. Verify current CPT/CMS status, then either restore CMS total/payment or reclassify inactive/deleted."
47530,Yes,No,ABSENT,No row in CMS RVU26C baseline,gastroenterology,Revision and/or reinsertion of transhepatic tube,,3.56,,0,,Yes,Yes,dataset defect,121.56,"High priority: source-row mismatch or legacy specialty-import artifact. Verify current CPT/CMS status, then either restore CMS total/payment or reclassify inactive/deleted."
20926,Yes,No,ABSENT,No row in CMS RVU26C baseline,orthopedic_surgery,"Tissue grafts other; fat, dermis, fascia",,3.45,,0,,Yes,Yes,dataset defect,121.45,"High priority: source-row mismatch or legacy specialty-import artifact. Verify current CPT/CMS status, then either restore CMS total/payment or reclassify inactive/deleted."
92977,Yes,No,ABSENT,No row in CMS RVU26C baseline,interventional_cardiology,Thrombolysis coronary by intravenous infusion,,3.12,,0,,Yes,Yes,dataset defect,121.12,"High priority: source-row mismatch or legacy specialty-import artifact. Verify current CPT/CMS status, then either restore CMS total/payment or reclassify inactive/deleted."
55700,Yes,No,ABSENT,No row in CMS RVU26C baseline,urology,"Prostate biopsy, any approach",,2.96,,0,,Yes,Yes,dataset defect,120.96,"High priority: source-row mismatch or legacy specialty-import artifact. Verify current CPT/CMS status, then either restore CMS total/payment or reclassify inactive/deleted."
47525,Yes,No,ABSENT,No row in CMS RVU26C baseline,gastroenterology,Change of percutaneous biliary drainage catheter,,2.34,,0,,Yes,Yes,dataset defect,120.34,"High priority: source-row mismatch or legacy specialty-import artifact. Verify current CPT/CMS status, then either restore CMS total/payment or reclassify inactive/deleted."
92975,Yes,No,ABSENT,No row in CMS RVU26C baseline,interventional_cardiology,Thrombolysis coronary by intracoronary infusion,,1.9,,0,,Yes,Yes,dataset defect,119.9,"High priority: source-row mismatch or legacy specialty-import artifact. Verify current CPT/CMS status, then either restore CMS total/payment or reclassify inactive/deleted."
