code,abos_description,orthopedic_subsection,status,wrvu_status,wrvu_missing_reason,work_rvu,total_rvu,global_period_days,estimated_medicare_payment,cms_source_file
20520,Removal of foreign body in muscle or tendon sheath; simple,General,already_present,verified,,1.85,6.88,10,229.8,PPRRVU2026_Jul_nonQPP.csv
20525,Removal of foreign body in muscle or tendon sheath; deep or complicated,General,already_present,verified,,3.45,14.88,10,497.01,PPRRVU2026_Jul_nonQPP.csv
20920,Fascia lata graft; by stripper,General,already_present,verified,,5.37,10.71,90,357.72,PPRRVU2026_Jul_nonQPP.csv
20922,"Fascia lata graft; by incision and area exposure, complex or sheet",General,already_present,verified,,6.76,19.68,90,657.33,PPRRVU2026_Jul_nonQPP.csv
20924,"Tendon graft, from a distance (eg, palmaris, toe extensor, plantaris)",General,already_present,verified,,6.51,14.07,90,469.95,PPRRVU2026_Jul_nonQPP.csv
23030,"Incision and drainage, shoulder area; deep abscess or hematoma",Shoulder,newly_added,verified,,3.38,7.3,10,243.83,PPRRVU2026_Jul_nonQPP.csv
23031,"Incision and drainage, shoulder area; infected bursa",Shoulder,newly_added,verified,,2.72,6.46,10,215.77,PPRRVU2026_Jul_nonQPP.csv
23035,"Incision, bone cortex (eg, osteomyelitis or bone abscess), shoulder area",Shoulder,newly_added,verified,,8.93,19.0,90,634.62,PPRRVU2026_Jul_nonQPP.csv
23040,"Arthrotomy, glenohumeral joint, including exploration, drainage, or removal of foreign body",Shoulder,newly_added,verified,,9.51,20.15,90,673.03,PPRRVU2026_Jul_nonQPP.csv
23044,"Arthrotomy, acromioclavicular, sternoclavicular joint, including exploration, drainage, or removal of foreign body",Shoulder,newly_added,verified,,7.4,16.26,90,543.1,PPRRVU2026_Jul_nonQPP.csv
23101,"Arthrotomy, acromioclavicular joint or sternoclavicular joint, including biopsy and/or excision of torn cartilage",Shoulder,newly_added,verified,,5.58,13.28,90,443.56,PPRRVU2026_Jul_nonQPP.csv
23105,"Arthrotomy; glenohumeral joint, with synovectomy, with or without biopsy",Shoulder,newly_added,verified,,8.27,18.12,90,605.22,PPRRVU2026_Jul_nonQPP.csv
23106,"Arthrotomy; sternoclavicular joint, with synovectomy, with or without biopsy",Shoulder,newly_added,verified,,5.98,14.61,90,487.99,PPRRVU2026_Jul_nonQPP.csv
23107,"Arthrotomy, glenohumeral joint, with joint exploration, with or without removal of loose or foreign body",Shoulder,newly_added,verified,,8.65,18.75,90,626.27,PPRRVU2026_Jul_nonQPP.csv
23120,Claviculectomy; partial,Shoulder,newly_added,verified,,7.21,16.91,90,564.81,PPRRVU2026_Jul_nonQPP.csv
23125,Claviculectomy; total,Shoulder,newly_added,verified,,9.4,20.03,90,669.02,PPRRVU2026_Jul_nonQPP.csv
23130,"Acromioplasty or acromionectomy, partial, with or without coracoacromial ligament release",Shoulder,newly_added,verified,,7.58,17.69,90,590.86,PPRRVU2026_Jul_nonQPP.csv
23330,"Removal of foreign body, shoulder; subcutaneous",Shoulder,newly_added,verified,,1.85,4.98,10,166.34,PPRRVU2026_Jul_nonQPP.csv
23333,"Removal of foreign body, shoulder; deep",Shoulder,newly_added,verified,,5.85,13.76,90,459.6,PPRRVU2026_Jul_nonQPP.csv
23395,"Muscle transfer, any type, shoulder or upper arm; single",Shoulder,newly_added,verified,,18.08,35.26,90,1177.72,PPRRVU2026_Jul_nonQPP.csv
23397,"Muscle transfer, any type, shoulder or upper arm; multiple",Shoulder,newly_added,verified,,16.34,31.22,90,1042.78,PPRRVU2026_Jul_nonQPP.csv
23405,"Tenotomy, shoulder area; single tendon",Shoulder,newly_added,verified,,8.33,17.2,90,574.5,PPRRVU2026_Jul_nonQPP.csv
23406,"Tenotomy, shoulder area; multiple tendons",Shoulder,newly_added,verified,,10.73,20.18,90,674.03,PPRRVU2026_Jul_nonQPP.csv
23410,"Repair of ruptured musculotendinous cuff (eg, rotator cuff) open; acute",Shoulder,newly_added,verified,,11.11,22.9,90,764.88,PPRRVU2026_Jul_nonQPP.csv
23412,"Repair of ruptured musculotendinous cuff (eg, rotator cuff) open; chronic",Shoulder,already_present,verified,,11.63,23.7,90,791.6,PPRRVU2026_Jul_nonQPP.csv
23415,"Coracoacromial ligament release, with or without acromioplasty",Shoulder,newly_added,verified,,9.0,19.71,90,658.33,PPRRVU2026_Jul_nonQPP.csv
23420,"Reconstruction of complete shoulder (rotator) cuff avulsion, chronic (includes acromioplasty)",Shoulder,newly_added,verified,,13.2,27.14,90,906.5,PPRRVU2026_Jul_nonQPP.csv
23430,Tenodesis of long tendon of biceps,Shoulder,already_present,verified,,9.92,20.85,90,696.41,PPRRVU2026_Jul_nonQPP.csv
23440,Resection or transplantation of long tendon of biceps,Shoulder,newly_added,verified,,10.37,21.0,90,701.42,PPRRVU2026_Jul_nonQPP.csv
23450,"Capsulorrhaphy, anterior; Putti-Platt procedure or Magnuson type operation",Shoulder,newly_added,verified,,13.36,26.1,90,871.76,PPRRVU2026_Jul_nonQPP.csv
23455,"Capsulorrhaphy, anterior; with labral repair (eg, Bankart procedure)",Shoulder,newly_added,verified,,14.3,26.36,90,880.45,PPRRVU2026_Jul_nonQPP.csv
23460,"Capsulorrhaphy, anterior, any type; with bone block",Shoulder,newly_added,verified,,15.42,29.96,90,1000.69,PPRRVU2026_Jul_nonQPP.csv
23462,"Capsulorrhaphy, anterior, any type; with coracoid process transfer",Shoulder,newly_added,verified,,15.33,29.26,90,977.31,PPRRVU2026_Jul_nonQPP.csv
23465,"Capsulorrhaphy, glenohumeral joint, posterior, with or without bone block",Shoulder,newly_added,verified,,15.89,30.68,90,1024.74,PPRRVU2026_Jul_nonQPP.csv
23466,"Capsulorrhaphy, glenohumeral joint, any type multi-directional instability",Shoulder,newly_added,verified,,15.41,30.98,90,1034.76,PPRRVU2026_Jul_nonQPP.csv
23480,"Osteotomy, clavicle, with or without internal fixation",Shoulder,newly_added,verified,,11.25,22.87,90,763.88,PPRRVU2026_Jul_nonQPP.csv
23485,"Osteotomy, clavicle, with or without internal fixation; with bone graft for nonunion or malunion (includes obtaining graft and/or necessary fixation)",Shoulder,newly_added,verified,,13.56,26.09,90,871.43,PPRRVU2026_Jul_nonQPP.csv
23515,"Open treatment of clavicular fracture, with or without internal or external fixation",Shoulder,already_present,verified,,9.45,20.33,90,679.04,PPRRVU2026_Jul_nonQPP.csv
23530,"Open treatment of sternoclavicular dislocation, acute or chronic",Shoulder,already_present,verified,,7.29,16.44,90,549.11,PPRRVU2026_Jul_nonQPP.csv
23532,"Open treatment of sternoclavicular dislocation, acute or chronic; with fascial graft (includes obtaining graft)",Shoulder,already_present,verified,,8,17.88,90,597.21,PPRRVU2026_Jul_nonQPP.csv
23550,"Open treatment of acromioclavicular dislocation, acute or chronic;",Shoulder,already_present,verified,,7.4,16.19,90,540.76,PPRRVU2026_Jul_nonQPP.csv
23552,"Open treatment of acromioclavicular dislocation, acute or chronic; with fascial graft (includes obtaining graft)",Shoulder,already_present,verified,,8.6,18.33,90,612.24,PPRRVU2026_Jul_nonQPP.csv
23615,"Open treatment of proximal humeral (surgical or anatomical neck) fracture, with or without internal or external fixation, with or without repair of tuberosity(s), when performed",Shoulder,already_present,verified,,11.99,24.66,90,823.67,PPRRVU2026_Jul_nonQPP.csv
23630,"Open treatment of greater humeral tuberosity fracture, includes internal fixation, when performed",Shoulder,already_present,verified,,10.31,21.98,90,734.15,PPRRVU2026_Jul_nonQPP.csv
23660,Open treatment of acute shoulder dislocation,Shoulder,newly_added,verified,,7.47,16.5,90,551.11,PPRRVU2026_Jul_nonQPP.csv
23670,"Open treatment of shoulder dislocation, with fracture of greater humeral tuberosity, includes internal fixation, when performed",Shoulder,newly_added,verified,,11.97,24.48,90,817.65,PPRRVU2026_Jul_nonQPP.csv
23680,"Open treatment of shoulder dislocation, with surgical or anatomical neck fracture, includes internal fixation, when performed",Shoulder,newly_added,verified,,12.82,25.9,90,865.08,PPRRVU2026_Jul_nonQPP.csv
24006,"Arthrotomy of the elbow, with capsular excision for capsular release (separate procedure)",Humerus/Upper Arm/Elbow,newly_added,verified,,9.5,19.89,90,664.34,PPRRVU2026_Jul_nonQPP.csv
24101,"Arthrotomy, elbow; with joint exploration, with or without biopsy, with or without removal of loose or foreign body",Humerus/Upper Arm/Elbow,newly_added,verified,,6.14,14.45,90,482.64,PPRRVU2026_Jul_nonQPP.csv
24102,"Arthrotomy, elbow; with synovectomy",Humerus/Upper Arm/Elbow,newly_added,verified,,8.05,17.33,90,578.84,PPRRVU2026_Jul_nonQPP.csv
24105,"Excision, olecranon bursa",Humerus/Upper Arm/Elbow,newly_added,verified,,3.69,10.72,90,358.06,PPRRVU2026_Jul_nonQPP.csv
24200,"Removal of foreign body, upper arm or elbow area; subcutaneous",Humerus/Upper Arm/Elbow,newly_added,verified,,1.76,4.29,10,143.29,PPRRVU2026_Jul_nonQPP.csv
24201,"Removal of foreign body, upper arm or elbow area; deep (subfascial or intramuscular)",Humerus/Upper Arm/Elbow,newly_added,verified,,4.58,11.75,90,392.46,PPRRVU2026_Jul_nonQPP.csv
24301,"Muscle or tendon transfer, any type, upper arm or elbow, single (excluding 24320-24331)",Humerus/Upper Arm/Elbow,newly_added,verified,,10.12,20.98,90,700.75,PPRRVU2026_Jul_nonQPP.csv
24305,"Tendon lengthening, upper arm or elbow, each tendon",Humerus/Upper Arm/Elbow,newly_added,verified,,7.43,16.19,90,540.76,PPRRVU2026_Jul_nonQPP.csv
24310,"Tenotomy, open, elbow to shoulder, each tendon",Humerus/Upper Arm/Elbow,newly_added,verified,,5.97,13.24,90,442.23,PPRRVU2026_Jul_nonQPP.csv
24320,"Tenoplasty, with muscle transfer, with or without free graft, elbow to shoulder, single (Seddon- Brookes type procedure)",Humerus/Upper Arm/Elbow,newly_added,verified,,10.59,21.84,90,729.48,PPRRVU2026_Jul_nonQPP.csv
24332,"Tenolysis, triceps",Humerus/Upper Arm/Elbow,newly_added,verified,,7.71,17.66,90,589.86,PPRRVU2026_Jul_nonQPP.csv
24340,Tenodesis of biceps tendon at elbow (separate procedure),Humerus/Upper Arm/Elbow,newly_added,verified,,7.88,17.47,90,583.51,PPRRVU2026_Jul_nonQPP.csv
24341,"Repair, tendon or muscle, upper arm or elbow, each tendon or muscle, primary or secondary (excludes rotator cuff)",Humerus/Upper Arm/Elbow,newly_added,verified,,9.25,21.2,90,708.1,PPRRVU2026_Jul_nonQPP.csv
24342,"Reinsertion of ruptured biceps or triceps tendon, distal, with or without tendon graft",Humerus/Upper Arm/Elbow,newly_added,verified,,10.59,21.44,90,716.12,PPRRVU2026_Jul_nonQPP.csv
24343,"Repair lateral collateral ligament, elbow, with local tissue",Humerus/Upper Arm/Elbow,newly_added,verified,,8.93,20.26,90,676.7,PPRRVU2026_Jul_nonQPP.csv
24344,"Reconstruction lateral collateral ligament, elbow, with tendon graft (includes harvesting of graft)",Humerus/Upper Arm/Elbow,newly_added,verified,,14.83,30.85,90,1030.42,PPRRVU2026_Jul_nonQPP.csv
24345,"Repair medial collateral ligament, elbow, with local tissue",Humerus/Upper Arm/Elbow,newly_added,verified,,8.93,20.2,90,674.7,PPRRVU2026_Jul_nonQPP.csv
24346,"Reconstruction medial collateral ligament, elbow, with tendon graft (includes harvesting of graft)",Humerus/Upper Arm/Elbow,newly_added,verified,,14.83,30.85,90,1030.42,PPRRVU2026_Jul_nonQPP.csv
24357,"Tenotomy, elbow, lateral or medial (eg, epicondylitis, tennis elbow, golfer's elbow); percutaneous",Humerus/Upper Arm/Elbow,newly_added,verified,,5.3,11.51,90,384.44,PPRRVU2026_Jul_nonQPP.csv
24358,"Tenotomy, elbow, lateral or medial (eg, epicondylitis, tennis elbow, golfer's elbow); debridement, soft tissue and/or bone, open",Humerus/Upper Arm/Elbow,newly_added,verified,,6.49,14.97,90,500.01,PPRRVU2026_Jul_nonQPP.csv
24359,"Tenotomy, elbow, lateral or medial (eg, epicondylitis, tennis elbow, golfer's elbow); debridement, soft tissue and/or bone open with repair or reattachment",Humerus/Upper Arm/Elbow,newly_added,verified,,8.76,18.47,90,616.91,PPRRVU2026_Jul_nonQPP.csv
24515,"Open treatment of humeral shaft fracture with plate/screws, with or without cerclage",Humerus/Upper Arm/Elbow,already_present,verified,,11.82,24.62,90,822.33,PPRRVU2026_Jul_nonQPP.csv
24516,"Treatment of humeral shaft fracture, with insertion of intramedullary implant, with or without cerclage and/or locking screws",Humerus/Upper Arm/Elbow,already_present,verified,,11.89,23.88,90,797.61,PPRRVU2026_Jul_nonQPP.csv
24545,"Open treatment of humeral supracondylar or transcondylar fracture, includes internal fixation, when performed; without intercondylar extension",Humerus/Upper Arm/Elbow,already_present,verified,,12.82,25.76,90,860.41,PPRRVU2026_Jul_nonQPP.csv
24546,"Open treatment of humeral supracondylar or transcondylar fracture, includes internal fixation, when performed; with intercondylar extension",Humerus/Upper Arm/Elbow,already_present,verified,,14.54,28.55,90,953.6,PPRRVU2026_Jul_nonQPP.csv
24575,"Open treatment of humeral epicondylar fracture, medial or lateral, includes internal fixation, when performed",Humerus/Upper Arm/Elbow,already_present,verified,,9.47,20.8,90,694.74,PPRRVU2026_Jul_nonQPP.csv
24579,"Open treatment of humeral condylar fracture, medial or lateral, includes internal fixation, when performed",Humerus/Upper Arm/Elbow,already_present,verified,,11.15,23.36,90,780.25,PPRRVU2026_Jul_nonQPP.csv
24586,Open treatment of periarticular fracture and/or dislocation of the elbow (fracture distal humerus and proximal ulna and/or proximal radius),Humerus/Upper Arm/Elbow,already_present,verified,,15.39,29.62,90,989.33,PPRRVU2026_Jul_nonQPP.csv
24605,Treatment of closed elbow dislocation; requiring anesthesia,Humerus/Upper Arm/Elbow,already_present,verified,,5.5,14.35,90,479.3,PPRRVU2026_Jul_nonQPP.csv
24615,Open treatment of acute or chronic elbow dislocation,Humerus/Upper Arm/Elbow,already_present,verified,,9.58,19.9,90,664.68,PPRRVU2026_Jul_nonQPP.csv
24620,"Closed treatment of Monteggia type of fracture dislocation at elbow (fracture proximal end of ulna with dislocation of radial head), with manipulation",Humerus/Upper Arm/Elbow,already_present,verified,,7.04,17,90,567.82,PPRRVU2026_Jul_nonQPP.csv
24635,"Open treatment of Monteggia type of fracture dislocation at elbow (fracture proximal end of ulna with dislocation of radial head), includes internal fixation, when performed",Humerus/Upper Arm/Elbow,already_present,verified,,8.58,19.16,90,639.96,PPRRVU2026_Jul_nonQPP.csv
24665,"Open treatment of radial head or neck fracture, includes internal fixation or radial head excision, when performed",Humerus/Upper Arm/Elbow,already_present,verified,,8.15,18.63,90,622.26,PPRRVU2026_Jul_nonQPP.csv
24666,"Open treatment of radial head or neck fracture, includes internal fixation or radial head excision, when performed; with radial head prosthetic replacement",Humerus/Upper Arm/Elbow,already_present,verified,,9.61,20.51,90,685.05,PPRRVU2026_Jul_nonQPP.csv
24685,"Open treatment of ulnar fracture, proximal end (eg, olecranon or coronoid process[es]), includes internal fixation, when performed",Humerus/Upper Arm/Elbow,already_present,verified,,8.16,18.63,90,622.26,PPRRVU2026_Jul_nonQPP.csv
25020,"Decompression fasciotomy, forearm and/or wrist, flexor OR extensor compartment; without debridement of nonviable muscle and/or nerve",Forearm/Wrist,already_present,verified,,5.91,21.61,90,721.79,PPRRVU2026_Jul_nonQPP.csv
25023,"Decompression fasciotomy, forearm and/or wrist, flexor OR extensor compartment; with debridement of nonviable muscle and/or nerve",Forearm/Wrist,already_present,verified,,13.48,37.84,90,1263.89,PPRRVU2026_Jul_nonQPP.csv
25024,"Decompression fasciotomy, forearm and/or wrist, flexor AND extensor compartment; without debridement of nonviable muscle and/or nerve",Forearm/Wrist,newly_added,verified,,10.52,21.76,90,726.8,PPRRVU2026_Jul_nonQPP.csv
25025,"Decompression fasciotomy, forearm and/or wrist, flexor AND extensor compartment; with debridement of nonviable muscle and/or nerve",Forearm/Wrist,newly_added,verified,,17.49,33.66,90,1124.27,PPRRVU2026_Jul_nonQPP.csv
25028,"Incision and drainage, forearm and/or wrist; deep abscess or hematoma",Forearm/Wrist,newly_added,verified,,5.26,20.6,90,688.06,PPRRVU2026_Jul_nonQPP.csv
25031,"Incision and drainage, forearm and/or wrist; bursa",Forearm/Wrist,newly_added,verified,,4.15,10.9,90,364.07,PPRRVU2026_Jul_nonQPP.csv
25035,"Incision, deep, bone cortex, forearm and/or wrist (eg, osteomyelitis or bone abscess)",Forearm/Wrist,newly_added,verified,,7.46,16.87,90,563.47,PPRRVU2026_Jul_nonQPP.csv
25040,"Arthrotomy, radiocarpal or midcarpal joint, with exploration, drainage, or removal of foreign body",Forearm/Wrist,newly_added,verified,,7.31,15.71,90,524.73,PPRRVU2026_Jul_nonQPP.csv
25260,"Repair, tendon or muscle, flexor, forearm and/or wrist; primary, single, each tendon or muscle",Forearm/Wrist,newly_added,verified,,7.84,17.94,90,599.21,PPRRVU2026_Jul_nonQPP.csv
25263,"Repair, tendon or muscle, flexor, forearm and/or wrist; secondary, single, each tendon or muscle",Forearm/Wrist,newly_added,verified,,7.84,18.2,90,607.9,PPRRVU2026_Jul_nonQPP.csv
25265,"Repair, tendon or muscle, flexor, forearm and/or wrist; secondary, with free graft (includes obtaining graft), each tendon or muscle",Forearm/Wrist,newly_added,verified,,9.85,20.6,90,688.06,PPRRVU2026_Jul_nonQPP.csv
25270,"Repair, tendon or muscle, extensor, forearm and/or wrist; primary, single, each tendon or muscle",Forearm/Wrist,newly_added,verified,,6.02,14.1,90,470.95,PPRRVU2026_Jul_nonQPP.csv
25272,"Repair, tendon or muscle, extensor, forearm and/or wrist; secondary, single, each tendon or muscle",Forearm/Wrist,newly_added,verified,,7.03,16.04,90,535.75,PPRRVU2026_Jul_nonQPP.csv
25274,"Repair, tendon or muscle, extensor, forearm and/or wrist; secondary, with free graft (includes obtaining graft), each tendon or muscle",Forearm/Wrist,newly_added,verified,,8.72,18.44,90,615.91,PPRRVU2026_Jul_nonQPP.csv
25275,"Repair, tendon sheath, extensor, forearm and/or wrist, with free graft (includes obtaining graft) (eg, for extensor carpi ulnaris subluxation)",Forearm/Wrist,newly_added,verified,,8.74,18.68,90,623.93,PPRRVU2026_Jul_nonQPP.csv
25320,"Capsulorrhaphy or reconstruction, wrist, open (eg, capsulodesis, ligament repair, tendon transfer or graft) (includes synovectomy, capsulotomy and open reduction) for carpal instability",Forearm/Wrist,newly_added,verified,,12.43,27.77,90,927.54,PPRRVU2026_Jul_nonQPP.csv
25337,"Reconstruction for stabilization of unstable distal ulna or distal radioulnar joint, secondary by soft tissue stabilization (eg, tendon transfer, tendon graft or weave, or tenodesis) with or without open reduction of distal radioulnar joint",Forearm/Wrist,newly_added,verified,,11.44,24.8,90,828.34,PPRRVU2026_Jul_nonQPP.csv
25431,"Repair of nonunion of carpal bone (excluding carpal scaphoid (navicular)) (includes obtaining graft and necessary fixation), each bone",Forearm/Wrist,newly_added,verified,,10.62,22.12,90,738.83,PPRRVU2026_Jul_nonQPP.csv
25440,"Repair of nonunion, scaphoid carpal (navicular) bone, with or without radial styloidectomy (includes obtaining graft and necessary fixation)",Forearm/Wrist,newly_added,verified,,10.41,21.1,90,704.76,PPRRVU2026_Jul_nonQPP.csv
25515,"Open treatment of radial shaft fracture, incudes internal fixation, when performed",Forearm/Wrist,already_present,verified,,8.58,18.98,90,633.95,PPRRVU2026_Jul_nonQPP.csv
25525,"Open treatment of radial shaft fracture, incudes internal fixation, when performed, and closed treatment of distal radioulnar joint dislocation (Galeazzi fracture/dislocation), includes percutaneous skeletal fixation, when performed",Forearm/Wrist,already_present,verified,,10.29,22.06,90,736.82,PPRRVU2026_Jul_nonQPP.csv
25526,"Open treatment of radial shaft fracture, incudes internal fixation, when performed, and open treatment of distal radioulnar joint dislocation (Galeazzi fracture/dislocation), incudes internal fixation, when performed, includes repair of triangular fibrocartilage complex",Forearm/Wrist,already_present,verified,,12.82,26.8,90,895.14,PPRRVU2026_Jul_nonQPP.csv
25545,"Open treatment of ulnar shaft fracture, incudes internal fixation, when performed",Forearm/Wrist,already_present,verified,,7.74,17.81,90,594.87,PPRRVU2026_Jul_nonQPP.csv
25574,"Open treatment of radial AND ulnar shaft fractures, with internal fixation, when performed; of radius OR ulna",Forearm/Wrist,already_present,verified,,8.58,19.19,90,640.96,PPRRVU2026_Jul_nonQPP.csv
25575,"Open treatment of radial AND ulnar shaft fractures, with internal fixation, when performed; of radius AND ulna",Forearm/Wrist,already_present,verified,,11.98,25.32,90,845.71,PPRRVU2026_Jul_nonQPP.csv
25606,Percutaneous skeletal fixation of distal radial fracture or epiphyseal separation,Forearm/Wrist,already_present,verified,,8.1,19.21,90,641.63,PPRRVU2026_Jul_nonQPP.csv
25607,"Open treatment of distal radial extra-articular fracture or epiphyseal separation, with internal fixation",Forearm/Wrist,already_present,verified,,9.32,20.88,90,697.41,PPRRVU2026_Jul_nonQPP.csv
25608,Open treatment of distal radial intra-articular fracture or epiphyseal separation; with internal fixation of 2 fragments,Forearm/Wrist,already_present,verified,,10.79,23.11,90,771.89,PPRRVU2026_Jul_nonQPP.csv
25609,Open treatment of distal radial intra-articular fracture or epiphyseal separation; with internal fixation of 3 or more fragments,Forearm/Wrist,already_present,verified,,14.02,28.99,90,968.29,PPRRVU2026_Jul_nonQPP.csv
25628,"Open treatment of carpal scaphoid (navicular) fracture, includes internal fixation, when performed",Forearm/Wrist,already_present,verified,,9.43,20.03,90,669.02,PPRRVU2026_Jul_nonQPP.csv
25645,"Open treatment of carpal bone fracture (other than carpal scaphoid [navicular]), each bone",Forearm/Wrist,already_present,verified,,7.23,16.35,90,546.1,PPRRVU2026_Jul_nonQPP.csv
25651,Percutaneous skeletal fixation of ulnar styloid fracture,Forearm/Wrist,newly_added,verified,,5.67,14.18,90,473.62,PPRRVU2026_Jul_nonQPP.csv
25652,Open treatment of ulnar styloid fracture,Forearm/Wrist,newly_added,verified,,7.86,17.69,90,590.86,PPRRVU2026_Jul_nonQPP.csv
25670,"Open treatment of radiocarpal or intercarpal dislocation, 1 or more bones",Forearm/Wrist,newly_added,verified,,7.89,17.37,90,580.17,PPRRVU2026_Jul_nonQPP.csv
25671,Percutaneous skeletal fixation of distal radioulnar dislocation,Forearm/Wrist,newly_added,verified,,6.3,15.65,90,522.72,PPRRVU2026_Jul_nonQPP.csv
25676,"Open treatment of distal radioulnar dislocation, acute or chronic",Forearm/Wrist,newly_added,verified,,8.08,17.82,90,595.2,PPRRVU2026_Jul_nonQPP.csv
25685,Open treatment of trans-scaphoperilunar type of fracture dislocation,Forearm/Wrist,newly_added,verified,,9.84,20.7,90,691.4,PPRRVU2026_Jul_nonQPP.csv
25695,Open treatment of lunate dislocation,Forearm/Wrist,newly_added,verified,,8.3,17.99,90,600.88,PPRRVU2026_Jul_nonQPP.csv
26010,Drainage of finger abscess; simple,Hand/Fingers,already_present,verified,,1.55,11.23,10,375.09,PPRRVU2026_Jul_nonQPP.csv
26011,"Drainage of finger abscess; complicated (eg, felon)",Hand/Fingers,already_present,verified,,2.18,15.48,10,517.05,PPRRVU2026_Jul_nonQPP.csv
26020,"Drainage of tendon sheath, digit and/or palm, each",Hand/Fingers,already_present,verified,,6.67,15.93,90,532.08,PPRRVU2026_Jul_nonQPP.csv
26025,"Drainage of palmar bursa; single, bursa",Hand/Fingers,already_present,verified,,4.95,12.11,90,404.48,PPRRVU2026_Jul_nonQPP.csv
26030,Drainage of palmar bursa; multiple bursa,Hand/Fingers,already_present,verified,,6.09,13.95,90,465.94,PPRRVU2026_Jul_nonQPP.csv
26037,"Decompressive fasciotomy, hand (excludes 26035)",Hand/Fingers,already_present,verified,,7.38,15.78,90,527.07,PPRRVU2026_Jul_nonQPP.csv
26055,"Tendon sheath incision (eg, for trigger finger)",Hand/Fingers,already_present,verified,,3.03,18.85,90,629.61,PPRRVU2026_Jul_nonQPP.csv
26060,"Tenotomy, percutaneous, single, each digit",Hand/Fingers,already_present,verified,,2.84,7.29,90,243.49,PPRRVU2026_Jul_nonQPP.csv
26070,"Arthrotomy, with exploration, drainage, or removal of loose or foreign body; carpometacarpal joint",Hand/Fingers,already_present,verified,,3.71,9.37,90,312.97,PPRRVU2026_Jul_nonQPP.csv
26075,"Arthrotomy, with exploration, drainage, or removal of loose or foreign body; metacarpophalangeal joint, each",Hand/Fingers,already_present,verified,,3.81,9.88,90,330.0,PPRRVU2026_Jul_nonQPP.csv
26080,"Arthrotomy, with exploration, drainage, or removal of loose or foreign body; interphalangeal joint, each",Hand/Fingers,already_present,verified,,4.36,11.61,90,387.78,PPRRVU2026_Jul_nonQPP.csv
26185,"Sesamoidectomy, thumb or finger (separate procedure)",Hand/Fingers,already_present,verified,,6.36,16.39,90,547.44,PPRRVU2026_Jul_nonQPP.csv
26320,Removal of implant from finger or hand,Hand/Fingers,already_present,verified,,4,10.11,90,337.68,PPRRVU2026_Jul_nonQPP.csv
26356,"Repair or advancement, flexor tendon, in zone 2 digital flexor tendon sheath (eg, no man's land); primary, without free graft, each tendon",Hand/Fingers,already_present,verified,,9.32,22.56,90,753.52,PPRRVU2026_Jul_nonQPP.csv
26357,"Repair or advancement, flexor tendon, in zone 2 digital flexor tendon sheath (eg, no man's land); secondary, without free graft, each tendon",Hand/Fingers,already_present,verified,,10.73,25.55,90,853.39,PPRRVU2026_Jul_nonQPP.csv
26358,"Repair or advancement, flexor tendon, in zone 2 digital flexor tendon sheath (eg, no man's land); secondary, with free graft (includes obtaining graft), each tendon",Hand/Fingers,already_present,verified,,12.29,27.94,90,933.22,PPRRVU2026_Jul_nonQPP.csv
26370,"Repair or advancement of profundus tendon, with intact superficialis tendon; primary, each tendon",Hand/Fingers,already_present,verified,,7.1,22.75,90,759.87,PPRRVU2026_Jul_nonQPP.csv
26372,"Repair or advancement of profundus tendon, with intact superficialis tendon; secondary with free graft (includes obtaining graft), each tendon",Hand/Fingers,already_present,verified,,8.78,26.88,90,897.82,PPRRVU2026_Jul_nonQPP.csv
26373,"Repair or advancement of profundus tendon, with intact superficialis tendon; secondary without free graft, each tendon",Hand/Fingers,already_present,verified,,8.2,26,90,868.42,PPRRVU2026_Jul_nonQPP.csv
26426,"Repair of extensor tendon, central slip, secondary (eg, boutonniere deformity); using local tissue(s), including lateral band(s), each finger",Hand/Fingers,already_present,verified,,6.16,14.25,90,475.96,PPRRVU2026_Jul_nonQPP.csv
26428,"Repair of extensor tendon, central slip, secondary (eg, boutonniere deformity); with free graft (includes obtaining graft), each finger",Hand/Fingers,already_present,verified,,7.22,23.63,90,789.26,PPRRVU2026_Jul_nonQPP.csv
26433,"Repair of extensor tendon, distal insertion, primary or secondary; without graft (eg, mallet finger)",Hand/Fingers,already_present,verified,,4.58,17,90,567.82,PPRRVU2026_Jul_nonQPP.csv
26434,"Repair of extensor tendon, distal insertion, primary or secondary; with free graft (includes obtaining graft)",Hand/Fingers,already_present,verified,,6.1,20.76,90,693.4,PPRRVU2026_Jul_nonQPP.csv
26437,"Realignment of extensor tendon, hand, each tendon",Hand/Fingers,already_present,verified,,5.84,19.45,90,649.65,PPRRVU2026_Jul_nonQPP.csv
26500,"Reconstruction of tendon pulley, each tendon; with local tissues (separate procedure)",Hand/Fingers,already_present,verified,,5.98,20.57,90,687.06,PPRRVU2026_Jul_nonQPP.csv
26502,"Reconstruction of tendon pulley, each tendon; with tendon or fascial graft (includes obtaining graft)",Hand/Fingers,already_present,verified,,7.13,22.31,90,745.17,PPRRVU2026_Jul_nonQPP.csv
26540,"Repair of collateral ligament, metacarpophalangeal or interphalangeal joint",Hand/Fingers,already_present,verified,,6.44,20.34,90,679.37,PPRRVU2026_Jul_nonQPP.csv
26541,"Reconstruction, collateral ligament, metacarpophalangeal joint, single; with tendon or fascial graft (includes obtaining graft)",Hand/Fingers,already_present,verified,,8.59,23.94,90,799.62,PPRRVU2026_Jul_nonQPP.csv
26542,"Reconstruction, collateral ligament, metacarpophalangeal joint, single; with local tissue (eg, adductor advancement)",Hand/Fingers,already_present,verified,,6.78,20.86,90,696.74,PPRRVU2026_Jul_nonQPP.csv
26545,"Reconstruction, collateral ligament, interphalangeal joint, single, including graft, each joint",Hand/Fingers,already_present,verified,,6.93,21.18,90,707.43,PPRRVU2026_Jul_nonQPP.csv
26548,"Repair and reconstruction, finger, volar plate, interphalangeal joint",Hand/Fingers,already_present,verified,,8.01,22.93,90,765.88,PPRRVU2026_Jul_nonQPP.csv
26608,"Percutaneous skeletal fixation of metacarpal fracture, each bone",Hand/Fingers,already_present,verified,,5.41,13.9,90,464.27,PPRRVU2026_Jul_nonQPP.csv
26615,"Open treatment of metacarpal fracture, single, with or without internal or external fixation, each bone",Hand/Fingers,already_present,verified,,6.89,16.4,90,547.77,PPRRVU2026_Jul_nonQPP.csv
26650,"Percutaneous skeletal fixation of carpometacarpal fracture dislocation, thumb (Bennett fracture), with manipulation",Hand/Fingers,already_present,verified,,5.22,14.09,90,470.62,PPRRVU2026_Jul_nonQPP.csv
26665,"Open treatment of carpometacarpal fracture dislocation, thumb (Bennett fracture), includes internal fixation, when performed",Hand/Fingers,already_present,verified,,7.74,17.3,90,577.84,PPRRVU2026_Jul_nonQPP.csv
26676,"Percutaneous skeletal fixation of carpometacarpal dislocation, other than thumb, with manipulation, each joint",Hand/Fingers,already_present,verified,,5.6,14.64,90,488.99,PPRRVU2026_Jul_nonQPP.csv
26685,"Open treatment of carpometacarpal dislocation, other than thumb; includes internal fixation, when performed, each joint",Hand/Fingers,already_present,verified,,6.89,16.03,90,535.42,PPRRVU2026_Jul_nonQPP.csv
26686,"Open treatment of carpometacarpal dislocation, other than thumb; complex, multiple, or delayed reduction",Hand/Fingers,already_present,verified,,7.97,17.74,90,592.53,PPRRVU2026_Jul_nonQPP.csv
26706,"Percutaneous skeletal fixation of metacarpophalangeal dislocation, single, with manipulation",Hand/Fingers,already_present,verified,,5.18,12.52,90,418.18,PPRRVU2026_Jul_nonQPP.csv
26715,"Open treatment of metacarpophalangeal dislocation, single, includes internal fixation, when performed",Hand/Fingers,already_present,verified,,6.85,16.32,90,545.1,PPRRVU2026_Jul_nonQPP.csv
26727,"Percutaneous skeletal fixation of unstable phalangeal shaft fracture, proximal or middle phalanx, finger or thumb, with manipulation, each",Hand/Fingers,already_present,verified,,5.28,13.68,90,456.92,PPRRVU2026_Jul_nonQPP.csv
26735,"Open treatment of phalangeal shaft fracture, proximal or middle phalanx, finger or thumb, includes internal fixation, when performed, each",Hand/Fingers,already_present,verified,,7.23,16.9,90,564.48,PPRRVU2026_Jul_nonQPP.csv
26746,"Open treatment of articular fracture, involving metacarpophalangeal or interphalangeal joint, includes internal fixation, when performed, each",Hand/Fingers,already_present,verified,,9.56,20.61,90,688.39,PPRRVU2026_Jul_nonQPP.csv
26756,"Percutaneous skeletal fixation of distal phalangeal fracture, finger or thumb, each",Hand/Fingers,already_present,verified,,4.47,12.42,90,414.84,PPRRVU2026_Jul_nonQPP.csv
26765,"Open treatment of distal phalangeal fracture, finger or thumb, includes internal fixation, when performed, each",Hand/Fingers,already_present,verified,,5.71,14.57,90,486.65,PPRRVU2026_Jul_nonQPP.csv
26776,"Percutaneous skeletal fixation of interphalangeal joint dislocation, single, with manipulation",Hand/Fingers,already_present,verified,,4.87,13.02,90,434.88,PPRRVU2026_Jul_nonQPP.csv
26785,"Open treatment of interphalangeal joint dislocation, includes internal fixation, when performed, single",Hand/Fingers,already_present,verified,,6.44,15.7,90,524.39,PPRRVU2026_Jul_nonQPP.csv
26990,"Incision and drainage, pelvis or hip joint area; deep abscess or hematoma",Pelvis/Hip,newly_added,verified,,7.75,19.78,90,660.67,PPRRVU2026_Jul_nonQPP.csv
26991,"Incision and drainage, pelvis or hip joint area; infected bursa",Pelvis/Hip,newly_added,verified,,6.88,14.72,90,491.66,PPRRVU2026_Jul_nonQPP.csv
27086,"Removal of foreign body, pelvis or hip; subcutaneous tissue",Pelvis/Hip,newly_added,verified,,1.87,5.01,10,167.34,PPRRVU2026_Jul_nonQPP.csv
27087,"Removal of foreign body, pelvis or hip; deep (subfascial or intramuscular)",Pelvis/Hip,newly_added,verified,,8.61,17.86,90,596.54,PPRRVU2026_Jul_nonQPP.csv
27235,"Percutaneous skeletal fixation of femoral fracture, proximal end, neck",Pelvis/Hip,already_present,verified,,12.68,25.04,90,836.36,PPRRVU2026_Jul_nonQPP.csv
27236,"Open treatment of femoral fracture, proximal end, neck, internal fixation or prosthetic replacement",Pelvis/Hip,already_present,verified,,17.17,32.63,90,1089.87,PPRRVU2026_Jul_nonQPP.csv
27244,"Treatment of intertrochanteric, pertrochanteric, or subtrochanteric femoral fracture; with plate/screw type implant, with or without cerclage",Pelvis/Hip,already_present,verified,,17.73,33.57,90,1121.27,PPRRVU2026_Jul_nonQPP.csv
27245,"Treatment of intertrochanteric, pertrochanteric, or subtrochanteric femoral fracture; with intramedullary implant, with or without interlocking screws and/or cerclage",Pelvis/Hip,already_present,verified,,17.73,33.48,90,1118.26,PPRRVU2026_Jul_nonQPP.csv
27248,"Open treatment of greater trochanteric fracture, includes internal fixation, when performed",Pelvis/Hip,already_present,verified,,10.51,20.53,90,685.72,PPRRVU2026_Jul_nonQPP.csv
27253,"Open treatment of hip dislocation, traumatic, without internal fixation",Pelvis/Hip,already_present,verified,,13.24,26.04,90,869.76,PPRRVU2026_Jul_nonQPP.csv
27254,"Open treatment of hip dislocation, traumatic, with acetabular wall and femoral head fracture, with or without internal or external fixation",Pelvis/Hip,already_present,verified,,18.47,34.64,90,1157.01,PPRRVU2026_Jul_nonQPP.csv
27258,"Open treatment of spontaneous hip dislocation (developmental, including congenital or pathological), replacement of femoral head in acetabulum (including tenotomy, etc);",Pelvis/Hip,newly_added,verified,,15.78,30.51,90,1019.06,PPRRVU2026_Jul_nonQPP.csv
27259,"Open treatment of spontaneous hip dislocation (developmental, including congenital or pathological), replacement of femoral head in acetabulum (including tenotomy, etc); with femoral shortening",Pelvis/Hip,already_present,verified,,22.68,41.93,90,1400.5,PPRRVU2026_Jul_nonQPP.csv
27301,"Incision and drainage, deep abscess, bursa, or hematoma, thigh or knee region",Femur/Knee,newly_added,verified,,6.61,14.52,90,484.98,PPRRVU2026_Jul_nonQPP.csv
27303,"Incision, deep, with opening of bone cortex, femur or knee (eg, osteomyelitis or bone abscess)",Femur/Knee,newly_added,verified,,8.41,18.08,90,603.89,PPRRVU2026_Jul_nonQPP.csv
27305,"Fasciotomy, iliotibial (tenotomy), open",Femur/Knee,newly_added,verified,,6.03,13.9,90,464.27,PPRRVU2026_Jul_nonQPP.csv
27306,"Tenotomy, percutaneous, adductor or hamstring; single tendon (separate procedure)",Femur/Knee,newly_added,verified,,4.62,9.73,90,324.99,PPRRVU2026_Jul_nonQPP.csv
27307,"Tenotomy, percutaneous, adductor or hamstring; multiple tendons",Femur/Knee,newly_added,verified,,5.91,11.26,90,376.09,PPRRVU2026_Jul_nonQPP.csv
27310,"Arthrotomy, knee, with exploration, drainage, or removal of foreign body (eg, infection)",Femur/Knee,already_present,verified,,9.75,20.63,90,689.06,PPRRVU2026_Jul_nonQPP.csv
27330,"Arthrotomy, knee; with synovial biopsy only",Femur/Knee,already_present,verified,,4.98,12.36,90,412.84,PPRRVU2026_Jul_nonQPP.csv
27331,"Arthrotomy, knee; including joint exploration, biopsy, or removal of loose or foreign bodies",Femur/Knee,already_present,verified,,5.87,13.76,90,459.6,PPRRVU2026_Jul_nonQPP.csv
27332,"Arthrotomy, with excision of semilunar cartilage (meniscectomy) knee; medial OR lateral",Femur/Knee,already_present,verified,,8.25,18.41,90,614.91,PPRRVU2026_Jul_nonQPP.csv
27333,"Arthrotomy, with excision of semilunar cartilage (meniscectomy) knee; medial AND lateral",Femur/Knee,already_present,verified,,7.36,16.9,90,564.48,PPRRVU2026_Jul_nonQPP.csv
27334,"Arthrotomy, with synovectomy, knee; anterior OR posterior",Femur/Knee,already_present,verified,,8.96,19.46,90,649.98,PPRRVU2026_Jul_nonQPP.csv
27335,"Arthrotomy, with synovectomy, knee; anterior AND posterior including popliteal area",Femur/Knee,already_present,verified,,10.29,21.53,90,719.12,PPRRVU2026_Jul_nonQPP.csv
27340,"excision, prepatellar bursa",Femur/Knee,already_present,verified,,4.21,11.07,90,369.75,PPRRVU2026_Jul_nonQPP.csv
27345,"Excision of synovial cyst of popliteal space (eg, Baker's cyst)",Femur/Knee,already_present,verified,,5.94,14.02,90,468.28,PPRRVU2026_Jul_nonQPP.csv
27347,"Excision of lesion of meniscus or capsule (eg, cyst, ganglion), knee",Femur/Knee,already_present,verified,,6.56,15.21,90,508.03,PPRRVU2026_Jul_nonQPP.csv
27350,Patellectomy or hemipatellectomy,Femur/Knee,already_present,verified,,8.44,18.57,90,620.25,PPRRVU2026_Jul_nonQPP.csv
27355,Excision or curettage of bone cyst or benign tumor of femur;,Femur/Knee,already_present,verified,,7.8,17.29,90,577.5,PPRRVU2026_Jul_nonQPP.csv
27356,Excision or curettage of bone cyst or benign tumor of femur; with allograft,Femur/Knee,already_present,verified,,9.84,20.86,90,696.74,PPRRVU2026_Jul_nonQPP.csv
27357,Excision or curettage of bone cyst or benign tumor of femur; with autograft (includes obtaining graft),Femur/Knee,already_present,verified,,10.88,22.95,90,766.55,PPRRVU2026_Jul_nonQPP.csv
27358,Excision or curettage of bone cyst or benign tumor of femur; with internal fixation (List in addition to code for primary procedure),Femur/Knee,already_present,verified,,4.61,7.08,90,236.48,PPRRVU2026_Jul_nonQPP.csv
27360,"Partial excision (craterization, saucerization, or diaphysectomy) bone, femur, proximal tibia and/or fibula (eg, osteomyelitis or bone abscess)",Femur/Knee,already_present,verified,,11.17,25.65,90,856.73,PPRRVU2026_Jul_nonQPP.csv
27372,"Removal of foreign body, deep, thigh region or knee area",Femur/Knee,newly_added,verified,,5.08,11.72,90,391.46,PPRRVU2026_Jul_nonQPP.csv
27380,Suture of infrapatellar tendon; primary,Femur/Knee,already_present,verified,,7.26,17.9,90,597.88,PPRRVU2026_Jul_nonQPP.csv
27381,"Suture of infrapatellar tendon; secondary reconstruction, including fascial or tendon graft",Femur/Knee,already_present,verified,,10.49,23.21,90,775.23,PPRRVU2026_Jul_nonQPP.csv
27385,Suture of quadriceps or hamstring muscle rupture; primary,Femur/Knee,already_present,verified,,6.76,17.62,90,588.52,PPRRVU2026_Jul_nonQPP.csv
27386,"Suture of quadriceps or hamstring muscle rupture; secondary reconstruction, including fascial or tendon graft",Femur/Knee,already_present,verified,,10.85,24.17,90,807.3,PPRRVU2026_Jul_nonQPP.csv
27390,"Tenotomy, open, hamstring, knee to hip; single tendon",Femur/Knee,already_present,verified,,5.39,12.6,90,420.85,PPRRVU2026_Jul_nonQPP.csv
27391,"Tenotomy, open, hamstring, knee to hip; multiple tendons, one leg",Femur/Knee,already_present,verified,,7.3,16.52,90,551.78,PPRRVU2026_Jul_nonQPP.csv
27392,"Tenotomy, open, hamstring, knee to hip; multiple tendons, bilateral",Femur/Knee,already_present,verified,,9.39,20.17,90,673.7,PPRRVU2026_Jul_nonQPP.csv
27393,Lengthening of hamstring tendon; single tendon,Femur/Knee,newly_added,verified,,6.43,14.28,90,476.96,PPRRVU2026_Jul_nonQPP.csv
27394,"Lengthening of hamstring tendon; multiple tendons, one leg",Femur/Knee,newly_added,verified,,8.57,18.54,90,619.25,PPRRVU2026_Jul_nonQPP.csv
27395,"Lengthening of hamstring tendon; multiple tendons, bilateral",Femur/Knee,already_present,verified,,11.93,24.62,90,822.33,PPRRVU2026_Jul_nonQPP.csv
27396,"Transplant, hamstring tendon to patella; single tendon",Femur/Knee,already_present,verified,,7.95,17.62,90,588.52,PPRRVU2026_Jul_nonQPP.csv
27397,"Transplant, hamstring tendon to patella; multiple tendons",Femur/Knee,already_present,verified,,12.34,25.64,90,856.4,PPRRVU2026_Jul_nonQPP.csv
27400,"Transfer, tendon or muscle, hamstrings to femur (eg, Egger's type procedure)",Femur/Knee,already_present,verified,,9.1,19.73,90,659.0,PPRRVU2026_Jul_nonQPP.csv
27403,"Arthrotomy with meniscus repair, knee",Femur/Knee,already_present,verified,,8.4,18.28,90,610.57,PPRRVU2026_Jul_nonQPP.csv
27405,"Repair, primary, torn ligament and/or capsule, knee; collateral",Femur/Knee,already_present,verified,,8.85,19.08,90,637.29,PPRRVU2026_Jul_nonQPP.csv
27407,"Repair, primary, torn ligament and/or capsule, knee; cruciate",Femur/Knee,already_present,verified,,10.58,22.4,90,748.18,PPRRVU2026_Jul_nonQPP.csv
27409,"Repair, primary, torn ligament and/or capsule, knee; collateral and cruciate ligaments",Femur/Knee,already_present,verified,,13.37,26.83,90,896.15,PPRRVU2026_Jul_nonQPP.csv
27412,"Autologous chondrocyte implantation, knee",Femur/Knee,already_present,verified,,24.12,44.75,90,1494.69,PPRRVU2026_Jul_nonQPP.csv
27415,"Osteochondral allograft, knee, open",Femur/Knee,already_present,verified,,19.5,37.68,90,1258.55,PPRRVU2026_Jul_nonQPP.csv
27416,"Osteochondral autograft(s), knee, open (eg, mosaicplasty) (includes harvesting of autograft[s])",Femur/Knee,already_present,verified,,13.81,27.02,90,902.49,PPRRVU2026_Jul_nonQPP.csv
27418,"Anterior tibial tubercleplasty (eg, Maquet type procedure)",Femur/Knee,already_present,verified,,11.31,22.85,90,763.21,PPRRVU2026_Jul_nonQPP.csv
27420,"Reconstruction of dislocating patella; (eg, Hauser type procedure)",Femur/Knee,already_present,verified,,10,21.11,90,705.09,PPRRVU2026_Jul_nonQPP.csv
27422,"Reconstruction of dislocating patella; with extensor realignment and/or muscle advancement or release (eg, Campbell, Goldwaite type procedure)",Femur/Knee,already_present,verified,,9.95,20.92,90,698.75,PPRRVU2026_Jul_nonQPP.csv
27424,Reconstruction of dislocating patella; with patellectomy,Femur/Knee,already_present,verified,,9.98,21.08,90,704.09,PPRRVU2026_Jul_nonQPP.csv
27425,"Lateral retinacular release, open",Femur/Knee,already_present,verified,,5.26,13.26,90,442.9,PPRRVU2026_Jul_nonQPP.csv
27427,"Ligamentous reconstruction (augmentation), knee; extra-articular",Femur/Knee,already_present,verified,,9.55,19.84,90,662.67,PPRRVU2026_Jul_nonQPP.csv
27428,"Ligamentous reconstruction (augmentation), knee; intra-articular (open)",Femur/Knee,already_present,verified,,15.19,31.15,90,1040.44,PPRRVU2026_Jul_nonQPP.csv
27429,"Ligamentous reconstruction (augmentation), knee; intra-articular (open) and extra-articular",Femur/Knee,already_present,verified,,17.1,35.09,90,1172.04,PPRRVU2026_Jul_nonQPP.csv
27430,"Quadricepsplasty (eg, Bennett or Thompson type)",Femur/Knee,already_present,verified,,9.91,20.93,90,699.08,PPRRVU2026_Jul_nonQPP.csv
27435,"Capsulotomy, posterior capsular release, knee",Femur/Knee,already_present,verified,,10.61,22.77,90,760.54,PPRRVU2026_Jul_nonQPP.csv
27448,"Osteotomy, femur, shaft or supracondylar; without fixation",Femur/Knee,already_present,verified,,11.31,22.83,90,762.54,PPRRVU2026_Jul_nonQPP.csv
27450,"Osteotomy, femur, shaft or supracondylar; with fixation",Femur/Knee,already_present,verified,,14.24,27.8,90,928.55,PPRRVU2026_Jul_nonQPP.csv
27455,"Osteotomy, proximal tibia, including fibular excision or osteotomy (includes correction of genu varus (bowleg) or genu valgus (knock-knee)); before epiphyseal closure",Femur/Knee,already_present,verified,,13.03,26.73,90,892.81,PPRRVU2026_Jul_nonQPP.csv
27457,"Osteotomy, proximal tibia, including fibular excision or osteotomy (includes correction of genu varus (bowleg) or genu valgus (knock-knee)); after epiphyseal closure",Femur/Knee,already_present,verified,,13.68,26.35,90,880.11,PPRRVU2026_Jul_nonQPP.csv
27496,"Decompression fasciotomy, thigh and/or knee, one compartment (flexor or extensor or adductor);",Femur/Knee,already_present,verified,,6.61,15.9,90,531.07,PPRRVU2026_Jul_nonQPP.csv
27497,"Decompression fasciotomy, thigh and/or knee, one compartment (flexor or extensor or adductor); with debridement of nonviable muscle and/or nerve",Femur/Knee,already_present,verified,,7.6,16.52,90,551.78,PPRRVU2026_Jul_nonQPP.csv
27498,"Decompression fasciotomy, thigh and/or knee, multiple compartments;",Femur/Knee,already_present,verified,,8.44,18.71,90,624.93,PPRRVU2026_Jul_nonQPP.csv
27499,"Decompression fasciotomy, thigh and/or knee, multiple compartments; with debridement of",Femur/Knee,already_present,verified,,9.19,19.87,90,663.68,PPRRVU2026_Jul_nonQPP.csv
27506,"Open treatment of femoral shaft fracture, with or without external fixation, with insertion of intramedullary implant, with or without cerclage and/or locking screws",Femur/Knee,already_present,verified,,19.16,36.62,90,1223.14,PPRRVU2026_Jul_nonQPP.csv
27507,"Open treatment of femoral shaft fracture with plate/screws, with or without cerclage",Femur/Knee,already_present,verified,,14.12,26.45,90,883.45,PPRRVU2026_Jul_nonQPP.csv
27509,"Percutaneous skeletal fixation of femoral fracture, distal end, medial or lateral condyle, or supracondylar or transcondylar, with or without intercondylar extension, or distal femoral epiphyseal separation",Femur/Knee,already_present,verified,,7.94,19.54,90,652.65,PPRRVU2026_Jul_nonQPP.csv
27511,"Open treatment of femoral supracondylar or transcondylar fracture without intercondylar extension, includes internal fixation, when performed",Femur/Knee,already_present,verified,,14.73,26.97,90,900.82,PPRRVU2026_Jul_nonQPP.csv
27513,"Open treatment of femoral supracondylar or transcondylar fracture with intercondylar extension, includes internal fixation, when performed",Femur/Knee,already_present,verified,,18.77,33.14,90,1106.91,PPRRVU2026_Jul_nonQPP.csv
27514,"Open treatment of femoral fracture, distal end, medial or lateral condyle, includes internal fixation, when performed",Femur/Knee,already_present,verified,,14.24,26.2,90,875.1,PPRRVU2026_Jul_nonQPP.csv
27519,"Open treatment of distal femoral epiphyseal separation, includes internal fixation, when performed",Femur/Knee,newly_added,verified,,12.92,24.28,90,810.97,PPRRVU2026_Jul_nonQPP.csv
27524,"Open treatment of patellar fracture, with internal fixation and/or partial or complete patellectomy and soft tissue repair",Femur/Knee,already_present,verified,,10.11,21.11,90,705.09,PPRRVU2026_Jul_nonQPP.csv
27535,"Open treatment of tibial fracture, proximal (plateau); unicondylar, includes internal fixation, when performed",Femur/Knee,already_present,verified,,13.07,24.41,90,815.32,PPRRVU2026_Jul_nonQPP.csv
27536,"Open treatment of tibial fracture, proximal (plateau); bicondylar, with or without internal fixation",Femur/Knee,already_present,verified,,16.96,32.66,90,1090.87,PPRRVU2026_Jul_nonQPP.csv
27540,"Open treatment of intercondylar spine(s) and/or tuberosity fracture(s) of the knee, includes internal fixation, when performed",Femur/Knee,newly_added,verified,,11.02,22.83,90,762.54,PPRRVU2026_Jul_nonQPP.csv
27556,"Open treatment of knee dislocation, includes internal fixation, when performed; without primary ligamentous repair or augmentation/reconstruction",Femur/Knee,already_present,verified,,12.68,23.91,90,798.62,PPRRVU2026_Jul_nonQPP.csv
27557,"Open treatment of knee dislocation, includes internal fixation, when performed; with primary ligamentous repair",Femur/Knee,already_present,verified,,15.5,28.24,90,943.24,PPRRVU2026_Jul_nonQPP.csv
27558,"Open treatment of knee dislocation, includes internal fixation, when performed; with primary ligamentous repair, with augmentation/reconstruction",Femur/Knee,already_present,verified,,17.93,31.96,90,1067.49,PPRRVU2026_Jul_nonQPP.csv
27566,"Open treatment of patellar dislocation, with or without partial or total patellectomy",Femur/Knee,newly_added,verified,,12.39,24.75,90,826.67,PPRRVU2026_Jul_nonQPP.csv
27570,Manipulation of knee joint under general anesthesia (includes application of traction or other fixation devices),Femur/Knee,already_present,verified,,1.75,4.49,10,149.97,PPRRVU2026_Jul_nonQPP.csv
27600,"Decompression fasciotomy, leg; anterior and/or lateral compartments only",Leg/Ankle/Foot,already_present,verified,,5.88,11.25,90,375.76,PPRRVU2026_Jul_nonQPP.csv
27601,"Decompression fasciotomy, leg; posterior compartment(s) only",Leg/Ankle/Foot,already_present,verified,,5.9,12.52,90,418.18,PPRRVU2026_Jul_nonQPP.csv
27602,"Decompression fasciotomy, leg; anterior and/or lateral, and posterior compartment(s)",Leg/Ankle/Foot,already_present,verified,,7.62,13.29,90,443.9,PPRRVU2026_Jul_nonQPP.csv
27603,"Incision and drainage, leg or ankle; deep abscess or hematoma",Leg/Ankle/Foot,already_present,verified,,5.1,16.31,90,544.77,PPRRVU2026_Jul_nonQPP.csv
27604,"Incision and drainage, leg or ankle; infected bursa",Leg/Ankle/Foot,already_present,verified,,4.48,14.3,90,477.63,PPRRVU2026_Jul_nonQPP.csv
27605,"Tenotomy, percutaneous, Achilles tendon (separate procedure); local anesthesia",Leg/Ankle/Foot,already_present,verified,,2.85,10.09,10,337.02,PPRRVU2026_Jul_nonQPP.csv
27606,"Tenotomy, percutaneous, Achilles tendon (separate procedure); general anesthesia",Leg/Ankle/Foot,already_present,verified,,4.08,7.63,10,254.85,PPRRVU2026_Jul_nonQPP.csv
27607,"Incision (eg, osteomyelitis or bone abscess), leg or ankle",Leg/Ankle/Foot,already_present,verified,,8.4,16.98,90,567.15,PPRRVU2026_Jul_nonQPP.csv
27610,"Arthrotomy, ankle, including exploration, drainage, or removal of foreign body",Leg/Ankle/Foot,already_present,verified,,8.9,18.25,90,609.57,PPRRVU2026_Jul_nonQPP.csv
27612,"Arthrotomy, posterior capsular release, ankle, with or without Achilles tendon lengthening",Leg/Ankle/Foot,already_present,verified,,7.95,16.21,90,541.43,PPRRVU2026_Jul_nonQPP.csv
27620,"Arthrotomy, ankle, with joint exploration, with or without biopsy, with or without removal of loose or foreign body",Leg/Ankle/Foot,already_present,verified,,6,13.04,90,435.55,PPRRVU2026_Jul_nonQPP.csv
27625,"Arthrotomy, with synovectomy, ankle;",Leg/Ankle/Foot,already_present,verified,,8.28,16.41,90,548.11,PPRRVU2026_Jul_nonQPP.csv
27626,"Arthrotomy, with synovectomy, ankle; including tenosynovectomy",Leg/Ankle/Foot,already_present,verified,,8.87,16.89,90,564.14,PPRRVU2026_Jul_nonQPP.csv
27630,"Excision of lesion of tendon sheath or capsule (eg, cyst or ganglion), leg and/or ankle",Leg/Ankle/Foot,already_present,verified,,4.82,16.98,90,567.15,PPRRVU2026_Jul_nonQPP.csv
27650,"Repair, primary, open or percutaneous, ruptured Achilles tendon;",Leg/Ankle/Foot,already_present,verified,,8.98,18.69,90,624.26,PPRRVU2026_Jul_nonQPP.csv
27652,"Repair, primary, open or percutaneous, ruptured Achilles tendon; with graft (includes obtaining graft)",Leg/Ankle/Foot,already_present,verified,,10.51,18.46,90,616.58,PPRRVU2026_Jul_nonQPP.csv
27654,"Repair, secondary, Achilles tendon, with or without graft",Leg/Ankle/Foot,already_present,verified,,10.27,20.24,90,676.03,PPRRVU2026_Jul_nonQPP.csv
27656,"Repair, fascial defect of leg",Leg/Ankle/Foot,already_present,verified,,4.59,15.92,90,531.74,PPRRVU2026_Jul_nonQPP.csv
27658,"Repair, flexor tendon, leg; primary, without graft, each tendon",Leg/Ankle/Foot,already_present,verified,,4.99,10.69,90,357.06,PPRRVU2026_Jul_nonQPP.csv
27659,"Repair, flexor tendon, leg; secondary, with or without graft, each tendon",Leg/Ankle/Foot,already_present,verified,,6.92,13.37,90,446.57,PPRRVU2026_Jul_nonQPP.csv
27664,"Repair, extensor tendon, leg; primary, without graft, each tendon",Leg/Ankle/Foot,already_present,verified,,4.61,10.3,90,344.03,PPRRVU2026_Jul_nonQPP.csv
27665,"Repair, extensor tendon, leg; secondary, with or without graft, each tendon",Leg/Ankle/Foot,already_present,verified,,5.43,11.96,90,399.47,PPRRVU2026_Jul_nonQPP.csv
27675,"Repair, dislocating peroneal tendons; without fibular osteotomy",Leg/Ankle/Foot,already_present,verified,,7.17,14.05,90,469.28,PPRRVU2026_Jul_nonQPP.csv
27676,"Repair, dislocating peroneal tendons; with fibular osteotomy",Leg/Ankle/Foot,already_present,verified,,8.51,17.19,90,574.16,PPRRVU2026_Jul_nonQPP.csv
27680,"Tenolysis, flexor or extensor tendon, leg and/or ankle; single, each tendon",Leg/Ankle/Foot,already_present,verified,,5.73,12.23,90,408.49,PPRRVU2026_Jul_nonQPP.csv
27681,"Tenolysis, flexor or extensor tendon, leg and/or ankle; multiple tendons (through separate incision[s])",Leg/Ankle/Foot,already_present,verified,,6.87,14.66,90,489.66,PPRRVU2026_Jul_nonQPP.csv
27695,"Repair, primary, disrupted ligament, ankle; collateral",Leg/Ankle/Foot,already_present,verified,,6.53,13.94,90,465.61,PPRRVU2026_Jul_nonQPP.csv
27696,"Repair, primary, disrupted ligament, ankle; both collateral ligaments",Leg/Ankle/Foot,already_present,verified,,8.37,15.28,90,510.37,PPRRVU2026_Jul_nonQPP.csv
27698,"Repair, secondary, disrupted ligament, ankle, collateral (eg, Watson-Jones procedure)",Leg/Ankle/Foot,already_present,verified,,9.37,17.87,90,596.87,PPRRVU2026_Jul_nonQPP.csv
27705,Osteotomy; tibia,Leg/Ankle/Foot,already_present,verified,,10.59,20.74,90,692.73,PPRRVU2026_Jul_nonQPP.csv
27707,Osteotomy; fibula,Leg/Ankle/Foot,already_present,verified,,4.66,11.75,90,392.46,PPRRVU2026_Jul_nonQPP.csv
27709,Osteotomy; tibia and fibula,Leg/Ankle/Foot,already_present,verified,,17.04,31.47,90,1051.13,PPRRVU2026_Jul_nonQPP.csv
27756,"Percutaneous skeletal fixation of tibial shaft fracture (with or without fibular fracture) (eg, pins or screws)",Leg/Ankle/Foot,already_present,verified,,7.26,16.9,90,564.48,PPRRVU2026_Jul_nonQPP.csv
27758,"Open treatment of tibial shaft fracture, (with or without fibular fracture) with plate/screws, with or without cerclage",Leg/Ankle/Foot,already_present,verified,,12.23,24.95,90,833.35,PPRRVU2026_Jul_nonQPP.csv
27759,"Treatment of tibial shaft fracture (with or without fibular fracture) by intramedullary implant, with or without interlocking screws and/or cerclage",Leg/Ankle/Foot,already_present,verified,,14.09,27.49,90,918.19,PPRRVU2026_Jul_nonQPP.csv
27766,"Open treatment of medial malleolus fracture, includes internal fixation, when performed",Leg/Ankle/Foot,already_present,verified,,7.69,17.36,90,579.84,PPRRVU2026_Jul_nonQPP.csv
27769,"Open treatment of posterior malleolus fracture, includes internal fixation, when performed",Leg/Ankle/Foot,newly_added,verified,,9.89,20.23,90,675.7,PPRRVU2026_Jul_nonQPP.csv
27784,"Open treatment of proximal fibula or shaft fracture, includes internal fixation, when performed",Leg/Ankle/Foot,already_present,verified,,9.43,20.15,90,673.03,PPRRVU2026_Jul_nonQPP.csv
27792,"Open treatment of distal fibular fracture (lateral malleolus), includes internal fixation, when performed",Leg/Ankle/Foot,already_present,verified,,8.53,18.2,90,607.9,PPRRVU2026_Jul_nonQPP.csv
27814,"Open treatment of bimalleolar ankle fracture, (eg, lateral and medial malleoli, or lateral and posterior malleoli, or medial and posterior malleoli), includes internal fixation, when performed",Leg/Ankle/Foot,already_present,verified,,10.35,21.39,90,714.45,PPRRVU2026_Jul_nonQPP.csv
27822,"Open treatment of trimalleolar ankle fracture, includes internal fixation, when performed, medial and/or lateral malleolus; without fixation of posterior lip",Leg/Ankle/Foot,already_present,verified,,10.93,24.74,90,826.34,PPRRVU2026_Jul_nonQPP.csv
27823,"Open treatment of trimalleolar ankle fracture, includes internal fixation, when performed, medial and/or lateral malleolus; with fixation of posterior lip",Leg/Ankle/Foot,already_present,verified,,12.83,27.64,90,923.2,PPRRVU2026_Jul_nonQPP.csv
27826,"Open treatment of fracture of weight bearing articular surface/portion of distal tibia (eg, pilon or tibial plafond), with internal fixation, when performed; of fibula only",Leg/Ankle/Foot,already_present,verified,,10.82,24.34,90,812.98,PPRRVU2026_Jul_nonQPP.csv
27827,"Open treatment of fracture of weight bearing articular surface/portion of distal tibia (eg, pilon or tibial plafond), with internal fixation, when performed; of tibia only",Leg/Ankle/Foot,already_present,verified,,14.42,31.53,90,1053.13,PPRRVU2026_Jul_nonQPP.csv
27828,"Open treatment of fracture of weight bearing articular surface/portion of distal tibia (eg, pilon or tibial plafond), with internal fixation, when performed; of both tibia and fibula",Leg/Ankle/Foot,already_present,verified,,17.97,36.83,90,1230.16,PPRRVU2026_Jul_nonQPP.csv
27829,"Open treatment of distal tibiofibular joint (syndesmosis) disruption, includes internal fixation, when performed",Leg/Ankle/Foot,already_present,verified,,8.58,20.15,90,673.03,PPRRVU2026_Jul_nonQPP.csv
27832,"Open treatment of proximal tibiofibular joint dislocation, includes internal fixation, when performed, or with excision of proximal fibula",Leg/Ankle/Foot,already_present,verified,,9.92,21.46,90,716.78,PPRRVU2026_Jul_nonQPP.csv
27846,"Open treatment of ankle dislocation, with or without percutaneous skeletal fixation; without repair or internal fixation",Leg/Ankle/Foot,already_present,verified,,10.02,20.21,90,675.03,PPRRVU2026_Jul_nonQPP.csv
27848,"Open treatment of ankle dislocation, with or without percutaneous skeletal fixation; with repair or internal or external fixation",Leg/Ankle/Foot,already_present,verified,,11.39,22.09,90,737.83,PPRRVU2026_Jul_nonQPP.csv
27860,Manipulation of ankle under general anesthesia (includes application of traction or other fixation apparatus),Leg/Ankle/Foot,newly_added,verified,,2.33,4.63,10,154.65,PPRRVU2026_Jul_nonQPP.csv
27892,"Decompression fasciotomy, leg; anterior and/or lateral compartments only, with debridement of nonviable muscle and/or nerve",Leg/Ankle/Foot,newly_added,verified,,7.74,15.51,90,518.05,PPRRVU2026_Jul_nonQPP.csv
27893,"Decompression fasciotomy, leg; posterior compartment(s) only, with debridement of nonviable muscle and/or nerve",Leg/Ankle/Foot,newly_added,verified,,7.7,17.59,90,587.52,PPRRVU2026_Jul_nonQPP.csv
27894,"Decompression fasciotomy, leg; anterior and/or lateral, and posterior compartment(s), with debridement of nonviable muscle and/or nerve",Leg/Ankle/Foot,newly_added,verified,,12.35,22.67,90,757.2,PPRRVU2026_Jul_nonQPP.csv
28035,"Release, tarsal tunnel (posterior tibial nerve decompression)",Leg/Ankle/Foot,newly_added,verified,,5.1,10.29,90,343.7,PPRRVU2026_Jul_nonQPP.csv
28060,"Fasciectomy, plantar fascia; partial (separate procedure)",Leg/Ankle/Foot,newly_added,verified,,5.27,10.29,90,343.7,PPRRVU2026_Jul_nonQPP.csv
28062,"Fasciectomy, plantar fascia; radical (separate procedure)",Leg/Ankle/Foot,newly_added,verified,,6.52,11.5,90,384.11,PPRRVU2026_Jul_nonQPP.csv
28080,"Excision, interdigital (Morton) neuroma, single, each",Leg/Ankle/Foot,newly_added,verified,,4.74,11.07,90,369.75,PPRRVU2026_Jul_nonQPP.csv
28090,"Excision of lesion, tendon, tendon sheath, or capsule (including synovectomy) (eg, cyst or ganglion); foot",Leg/Ankle/Foot,newly_added,verified,,4.44,8.82,90,294.6,PPRRVU2026_Jul_nonQPP.csv
28092,"Excision of lesion, tendon, tendon sheath, or capsule (including synovectomy) (eg, cyst or ganglion); toe(s), each",Leg/Ankle/Foot,newly_added,verified,,3.69,7.81,90,260.86,PPRRVU2026_Jul_nonQPP.csv
28110,"Ostectomy, partial excision, fifth metatarsal head (bunionette) (separate procedure)",Leg/Ankle/Foot,newly_added,verified,,4.11,8.45,90,282.24,PPRRVU2026_Jul_nonQPP.csv
28116,"Ostectomy, excision of tarsal coalition",Leg/Ankle/Foot,newly_added,verified,,8.91,14.54,90,485.65,PPRRVU2026_Jul_nonQPP.csv
28118,"Ostectomy, calcaneus;",Leg/Ankle/Foot,newly_added,verified,,5.98,12.15,90,405.82,PPRRVU2026_Jul_nonQPP.csv
28119,"Ostectomy, calcaneus; for spur, with or without plantar fascial release",Leg/Ankle/Foot,newly_added,verified,,5.42,10.36,90,346.03,PPRRVU2026_Jul_nonQPP.csv
28190,"Removal of foreign body, foot; subcutaneous",Leg/Ankle/Foot,newly_added,verified,,1.96,3.82,10,127.59,PPRRVU2026_Jul_nonQPP.csv
28192,"Removal of foreign body, foot; deep",Leg/Ankle/Foot,newly_added,verified,,4.66,8.79,90,293.59,PPRRVU2026_Jul_nonQPP.csv
28193,"Removal of foreign body, foot; complicated",Leg/Ankle/Foot,newly_added,verified,,5.75,10.21,90,341.02,PPRRVU2026_Jul_nonQPP.csv
28288,"Ostectomy, partial, exostectomy or condylectomy, metatarsal head, each metatarsal head",Leg/Ankle/Foot,newly_added,verified,,5.87,12.47,90,416.51,PPRRVU2026_Jul_nonQPP.csv
28289,"Hallux rigidus correction with cheilectomy, debridement and capsular release of the first metatarsophalangeal joint; without implant",Leg/Ankle/Foot,newly_added,verified,,6.73,13.14,90,438.89,PPRRVU2026_Jul_nonQPP.csv
28315,"Sesamoidectomy, first toe (separate procedure)",Leg/Ankle/Foot,newly_added,verified,,4.88,9.31,90,310.96,PPRRVU2026_Jul_nonQPP.csv
28406,"Percutaneous skeletal fixation of calcaneal fracture, with manipulation",Leg/Ankle/Foot,already_present,verified,,6.4,16.45,90,549.44,PPRRVU2026_Jul_nonQPP.csv
28415,"Open treatment of calcaneal fracture, includes internal fixation, when performed;",Leg/Ankle/Foot,already_present,verified,,15.79,31.4,90,1048.79,PPRRVU2026_Jul_nonQPP.csv
28420,"Open treatment of calcaneal fracture, with or without internal or external fixation; with primary iliac or other autogenous bone graft (includes obtaining graft)",Leg/Ankle/Foot,already_present,verified,,17.08,36.19,90,1208.78,PPRRVU2026_Jul_nonQPP.csv
28436,"Percutaneous skeletal fixation of talus fracture, with manipulation",Leg/Ankle/Foot,already_present,verified,,4.78,14.88,90,497.01,PPRRVU2026_Jul_nonQPP.csv
28445,"Open treatment of talus fracture, includes internal fixation, when performed",Leg/Ankle/Foot,already_present,verified,,15.37,29.23,90,976.31,PPRRVU2026_Jul_nonQPP.csv
28456,"Percutaneous skeletal fixation of tarsal bone fracture (except talus and calcaneus), with manipulation, each",Leg/Ankle/Foot,already_present,verified,,2.79,11.48,90,383.44,PPRRVU2026_Jul_nonQPP.csv
28465,"Open treatment of tarsal bone fracture (except talus and calcaneus), includes internal fixation, when performed, each",Leg/Ankle/Foot,already_present,verified,,8.58,18.55,90,619.59,PPRRVU2026_Jul_nonQPP.csv
28476,"Percutaneous skeletal fixation of metatarsal fracture, with manipulation, each",Leg/Ankle/Foot,already_present,verified,,3.51,11.61,90,387.78,PPRRVU2026_Jul_nonQPP.csv
28485,"Open treatment of metatarsal fracture, includes internal fixation, when performed, each",Leg/Ankle/Foot,already_present,verified,,7.25,16.23,90,542.1,PPRRVU2026_Jul_nonQPP.csv
28496,"Percutaneous skeletal fixation of fracture great toe, phalanx or phalanges, with manipulation",Leg/Ankle/Foot,already_present,verified,,2.42,16.42,90,548.44,PPRRVU2026_Jul_nonQPP.csv
28505,"Open treatment of fracture great toe, phalanx or phalanges, includes internal fixation, when performed",Leg/Ankle/Foot,already_present,verified,,7.25,20.01,90,668.35,PPRRVU2026_Jul_nonQPP.csv
28525,"Open treatment of fracture, phalanx or phalanges, other than great toe, includes internal fixation, when performed, each",Leg/Ankle/Foot,already_present,verified,,5.48,17.17,90,573.49,PPRRVU2026_Jul_nonQPP.csv
28531,"Open treatment of sesamoid fracture, with or without internal fixation",Leg/Ankle/Foot,already_present,verified,,2.51,9.68,90,323.32,PPRRVU2026_Jul_nonQPP.csv
28546,"Percutaneous skeletal fixation of tarsal bone dislocation, other than talotarsal, with manipulation",Leg/Ankle/Foot,newly_added,verified,,3.32,10.71,90,357.72,PPRRVU2026_Jul_nonQPP.csv
28555,"Open treatment of tarsal bone dislocation, with or without internal or external fixation",Leg/Ankle/Foot,already_present,verified,,9.41,26.47,90,884.12,PPRRVU2026_Jul_nonQPP.csv
28576,"Percutaneous skeletal fixation of talotarsal joint dislocation, with manipulation",Leg/Ankle/Foot,newly_added,verified,,4.49,11.57,90,386.45,PPRRVU2026_Jul_nonQPP.csv
28585,"Open treatment of talotarsal joint dislocation, includes internal fixation, when performed",Leg/Ankle/Foot,already_present,verified,,10.85,28.41,90,948.92,PPRRVU2026_Jul_nonQPP.csv
28606,"Percutaneous skeletal fixation of tarsometatarsal joint dislocation, with manipulation",Leg/Ankle/Foot,already_present,verified,,4.96,11.59,90,387.12,PPRRVU2026_Jul_nonQPP.csv
28615,"Open treatment of tarsometatarsal joint dislocation, includes internal fixation, when performed",Leg/Ankle/Foot,already_present,verified,,10.43,23.75,90,793.27,PPRRVU2026_Jul_nonQPP.csv
28636,"Percutaneous skeletal fixation of metatarsophalangeal joint dislocation, with manipulation",Leg/Ankle/Foot,newly_added,verified,,2.7,6.51,10,217.44,PPRRVU2026_Jul_nonQPP.csv
28645,"Open treatment of metatarsophalangeal joint dislocation, includes internal fixation, when performed",Leg/Ankle/Foot,already_present,verified,,7.25,19.95,90,666.35,PPRRVU2026_Jul_nonQPP.csv
28666,"Percutaneous skeletal fixation of interphalangeal joint dislocation, with manipulation",Leg/Ankle/Foot,newly_added,verified,,2.59,4.91,10,164.0,PPRRVU2026_Jul_nonQPP.csv
28675,"Open treatment of interphalangeal joint dislocation, includes internal fixation, when performed",Leg/Ankle/Foot,already_present,verified,,5.48,17.6,90,587.86,PPRRVU2026_Jul_nonQPP.csv
29805,"Arthroscopy, shoulder, diagnostic, with or without synovial biopsy (separate procedure)",Arthroscopy codes,already_present,verified,,5.88,13.44,90,448.91,PPRRVU2026_Jul_nonQPP.csv
29806,"Arthroscopy, shoulder, surgical; capsulorrhaphy",Arthroscopy codes,already_present,verified,,14.76,29.13,90,972.97,PPRRVU2026_Jul_nonQPP.csv
29807,"Arthroscopy, shoulder, surgical; repair of SLAP lesion",Arthroscopy codes,already_present,verified,,14.3,28.5,90,951.93,PPRRVU2026_Jul_nonQPP.csv
29819,"Arthroscopy, shoulder, surgical; with removal of loose body or foreign body",Arthroscopy codes,already_present,verified,,7.6,16.47,90,550.11,PPRRVU2026_Jul_nonQPP.csv
29820,"Arthroscopy, shoulder, surgical; synovectomy, partial",Arthroscopy codes,already_present,verified,,7.03,15.02,90,501.68,PPRRVU2026_Jul_nonQPP.csv
29821,"Arthroscopy, shoulder, surgical; synovectomy, complete",Arthroscopy codes,already_present,verified,,7.69,16.69,90,557.46,PPRRVU2026_Jul_nonQPP.csv
29822,"Arthroscopy, shoulder, surgical; debridement, limited",Arthroscopy codes,already_present,verified,,6.85,15.45,90,516.04,PPRRVU2026_Jul_nonQPP.csv
29823,"Arthroscopy, shoulder, surgical; debridement, extensive",Arthroscopy codes,already_present,verified,,7.78,16.73,90,558.8,PPRRVU2026_Jul_nonQPP.csv
29824,"Arthroscopy, shoulder, surgical; distal claviculectomy including distal articular surface (Mumford procedure)",Arthroscopy codes,already_present,verified,,8.76,19.13,90,638.96,PPRRVU2026_Jul_nonQPP.csv
29825,"Arthroscopy, shoulder, surgical; with lysis and resection of adhesions, with or without manipulation",Arthroscopy codes,already_present,verified,,7.6,16.57,90,553.45,PPRRVU2026_Jul_nonQPP.csv
29826,"Arthroscopy, shoulder, surgical; decompression of subacromial space with partial acromioplasty, with coracoacromial (ie, arch) release, when performed",Arthroscopy codes,already_present,verified,,2.93,4.42,90,147.63,PPRRVU2026_Jul_nonQPP.csv
29827,"Arthroscopy, shoulder, surgical; with rotator cuff repair",Arthroscopy codes,already_present,verified,,15.2,29.23,90,976.31,PPRRVU2026_Jul_nonQPP.csv
29828,"Arthroscopy, shoulder, surgical; biceps tenodesis",Arthroscopy codes,already_present,verified,,12.83,25.26,90,843.71,PPRRVU2026_Jul_nonQPP.csv
29830,"Arthroscopy, elbow, diagnostic, with or without synovial biopsy (separate procedure)",Arthroscopy codes,already_present,verified,,5.73,13.15,90,439.22,PPRRVU2026_Jul_nonQPP.csv
29834,"Arthroscopy, elbow, surgical; with removal of loose body or foreign body",Arthroscopy codes,already_present,verified,,6.26,14.03,90,468.61,PPRRVU2026_Jul_nonQPP.csv
29835,"Arthroscopy, elbow, surgical; synovectomy, partial",Arthroscopy codes,already_present,verified,,6.45,14.58,90,486.99,PPRRVU2026_Jul_nonQPP.csv
29836,"Arthroscopy, elbow, surgical; synovectomy, complete",Arthroscopy codes,already_present,verified,,7.53,16.41,90,548.11,PPRRVU2026_Jul_nonQPP.csv
29837,"Arthroscopy, elbow, surgical; debridement, limited",Arthroscopy codes,already_present,verified,,6.83,15.17,90,506.69,PPRRVU2026_Jul_nonQPP.csv
29838,"Arthroscopy, elbow, surgical; debridement, extensive",Arthroscopy codes,already_present,verified,,7.68,16.72,90,558.46,PPRRVU2026_Jul_nonQPP.csv
29840,"Arthroscopy, wrist, diagnostic, with or without synovial biopsy (separate procedure)",Arthroscopy codes,already_present,verified,,5.54,13.21,90,441.23,PPRRVU2026_Jul_nonQPP.csv
29843,"Arthroscopy, wrist, surgical; for infection, lavage and drainage",Arthroscopy codes,already_present,verified,,6,14.06,90,469.62,PPRRVU2026_Jul_nonQPP.csv
29844,"Arthroscopy, wrist, surgical; synovectomy, partial",Arthroscopy codes,already_present,verified,,6.35,14.1,90,470.95,PPRRVU2026_Jul_nonQPP.csv
29845,"Arthroscopy, wrist, surgical; synovectomy, complete",Arthroscopy codes,already_present,verified,,7.5,16.37,90,546.77,PPRRVU2026_Jul_nonQPP.csv
29846,"Arthroscopy, wrist, surgical; excision and/or repair of triangular fibrocartilage and/or joint debridement",Arthroscopy codes,already_present,verified,,6.72,14.61,90,487.99,PPRRVU2026_Jul_nonQPP.csv
29847,"Arthroscopy, wrist, surgical; internal fixation for fracture or instability",Arthroscopy codes,already_present,verified,,7.04,15.48,90,517.05,PPRRVU2026_Jul_nonQPP.csv
29848,"Endoscopy, wrist, surgical, with release of transverse carpal ligament",Arthroscopy codes,already_present,verified,,6.23,14.54,90,485.65,PPRRVU2026_Jul_nonQPP.csv
29850,"Arthroscopically aided treatment of intercondylar spine(s) and/or tuberosity fracture(s) of the knee, with or without manipulation; without internal or external fixation (includes arthroscopy)",Arthroscopy codes,already_present,verified,,8.06,17.77,90,593.53,PPRRVU2026_Jul_nonQPP.csv
29851,"Arthroscopically aided treatment of intercondylar spine(s) and/or tuberosity fracture(s) of the knee, with or without manipulation; with internal or external fixation (includes arthroscopy)",Arthroscopy codes,already_present,verified,,12.93,25.8,90,861.74,PPRRVU2026_Jul_nonQPP.csv
29855,"Arthroscopically aided treatment of tibial fracture, proximal (plateau); unicondylar, includes internal fixation, when performed (includes arthroscopy)",Arthroscopy codes,already_present,verified,,10.49,21.85,90,729.81,PPRRVU2026_Jul_nonQPP.csv
29856,"Arthroscopically aided treatment of tibial fracture, proximal (plateau); bicondylar, includes internal fixation, when performed (includes arthroscopy)",Arthroscopy codes,already_present,verified,,13.92,27.48,90,917.86,PPRRVU2026_Jul_nonQPP.csv
29860,"Arthroscopy, hip, diagnostic with or without synovial biopsy (separate procedure)",Arthroscopy codes,already_present,verified,,8.78,18.42,90,615.24,PPRRVU2026_Jul_nonQPP.csv
29861,"Arthroscopy, hip, surgical; with removal of loose body or foreign body",Arthroscopy codes,already_present,verified,,9.85,19.68,90,657.33,PPRRVU2026_Jul_nonQPP.csv
29862,"Arthroscopy, hip, surgical; with debridement/shaving of articular cartilage (chondroplasty), abrasion arthroplasty, and/or resection of labrum",Arthroscopy codes,already_present,verified,,10.89,22.75,90,759.87,PPRRVU2026_Jul_nonQPP.csv
29863,"Arthroscopy, hip, surgical; with synovectomy",Arthroscopy codes,already_present,verified,,10.89,22.67,90,757.2,PPRRVU2026_Jul_nonQPP.csv
29866,"Arthroscopy, knee, surgical; osteochondral autograft(s) (eg, mosaicplasty) (includes harvesting of autograft[s])",Arthroscopy codes,already_present,verified,,14.3,29.32,90,979.31,PPRRVU2026_Jul_nonQPP.csv
29867,"Arthroscopy, knee, surgical; osteochondral allograft (eg, mosaicplasty)",Arthroscopy codes,already_present,verified,,17.93,35.29,90,1178.72,PPRRVU2026_Jul_nonQPP.csv
29868,"Arthroscopy, knee, surgical; meniscal transplantation (includes arthrotomy for meniscal insertion), medial or lateral",Arthroscopy codes,already_present,verified,,24.47,45.28,90,1512.39,PPRRVU2026_Jul_nonQPP.csv
29870,"Arthroscopy, knee, diagnostic, with or without synovial biopsy (separate procedure)",Arthroscopy codes,already_present,verified,,5.06,18.05,90,602.89,PPRRVU2026_Jul_nonQPP.csv
29871,"Arthroscopy, knee, surgical; for infection, lavage and drainage",Arthroscopy codes,already_present,verified,,6.52,14.71,90,491.33,PPRRVU2026_Jul_nonQPP.csv
29873,"Arthroscopy, knee, surgical; with lateral release",Arthroscopy codes,already_present,verified,,6.08,15.6,90,521.05,PPRRVU2026_Jul_nonQPP.csv
29874,"Arthroscopy, knee, surgical; for removal of loose body or foreign body (eg, osteochondritis dissecans fragmentation, chondral fragmentation)",Arthroscopy codes,already_present,verified,,7.01,15.15,90,506.02,PPRRVU2026_Jul_nonQPP.csv
29875,"Arthroscopy, knee, surgical; synovectomy, limited (eg, plica or shelf resection) (separate procedure)",Arthroscopy codes,already_present,verified,,6.29,14.2,90,474.29,PPRRVU2026_Jul_nonQPP.csv
29876,"Arthroscopy, knee, surgical; synovectomy, major, two or more compartments (eg, medial or lateral)",Arthroscopy codes,already_present,verified,,8.65,18.41,90,614.91,PPRRVU2026_Jul_nonQPP.csv
29877,"Arthroscopy, knee, surgical; debridement/shaving of articular cartilage (chondroplasty)",Arthroscopy codes,already_present,verified,,8.09,17.57,90,586.85,PPRRVU2026_Jul_nonQPP.csv
29879,"Arthroscopy, knee, surgical; abrasion arthroplasty (includes chondroplasty where necessary) or multiple drilling or microfracture",Arthroscopy codes,already_present,verified,,8.77,18.66,90,623.26,PPRRVU2026_Jul_nonQPP.csv
29880,"Arthroscopy, knee, surgical; with meniscectomy (medial AND lateral, including any meniscal shaving) including debridement/shaving of articular cartilage (chondroplasty), same or separate compartment(s), when performed",Arthroscopy codes,already_present,verified,,7.21,15.96,90,533.08,PPRRVU2026_Jul_nonQPP.csv
29881,"Arthroscopy, knee, surgical; with meniscectomy (medial OR lateral, including any meniscal shaving) including debridement/shaving of articular cartilage (chondroplasty), same or separate compartment(s), when performed",Arthroscopy codes,already_present,verified,,6.85,15.44,90,515.71,PPRRVU2026_Jul_nonQPP.csv
29882,"Arthroscopy, knee, surgical; with meniscus repair (medial OR lateral)",Arthroscopy codes,already_present,verified,,9.36,19.22,90,641.97,PPRRVU2026_Jul_nonQPP.csv
29883,"Arthroscopy, knee, surgical; with meniscus repair (medial AND lateral)",Arthroscopy codes,already_present,verified,,11.48,23.53,90,785.92,PPRRVU2026_Jul_nonQPP.csv
29884,"Arthroscopy, knee, surgical; with lysis of adhesions, with or without manipulation (separate procedure)",Arthroscopy codes,already_present,verified,,8.07,17.55,90,586.19,PPRRVU2026_Jul_nonQPP.csv
29885,"Arthroscopy, knee, surgical; drilling for osteochondritis dissecans with bone grafting, with or without internal fixation (including debridement of base of lesion)",Arthroscopy codes,already_present,verified,,9.95,21.33,90,712.44,PPRRVU2026_Jul_nonQPP.csv
29886,"Arthroscopy, knee, surgical; drilling for intact osteochondritis dissecans lesion",Arthroscopy codes,already_present,verified,,8.28,18.11,90,604.89,PPRRVU2026_Jul_nonQPP.csv
29887,"Arthroscopy, knee, surgical; drilling for intact osteochondritis dissecans lesion with internal fixation",Arthroscopy codes,already_present,verified,,9.91,21.27,90,710.44,PPRRVU2026_Jul_nonQPP.csv
29888,Arthroscopically aided anterior cruciate ligament repair/augmentation or reconstruction,Arthroscopy codes,already_present,verified,,13.94,26.63,90,889.47,PPRRVU2026_Jul_nonQPP.csv
29889,Arthroscopically aided posterior cruciate ligament repair/augmentation or reconstruction,Arthroscopy codes,already_present,verified,,16.97,33.9,90,1132.29,PPRRVU2026_Jul_nonQPP.csv
29891,"Arthroscopy, ankle, surgical, excision of osteochondral defect of talus and/or tibia, including drilling of the defect",Arthroscopy codes,already_present,verified,,9.43,18.98,90,633.95,PPRRVU2026_Jul_nonQPP.csv
29892,"Arthroscopically aided repair of large osteochondritis dissecans lesion, talar dome fracture, or tibial plafond fracture, with or without internal fixation (includes arthroscopy)",Arthroscopy codes,already_present,verified,,10.01,17.89,90,597.54,PPRRVU2026_Jul_nonQPP.csv
29893,Endoscopic plantar fasciotomy,Arthroscopy codes,already_present,verified,,6.16,19.92,90,665.35,PPRRVU2026_Jul_nonQPP.csv
29894,"Arthroscopy, ankle (tibiotalar and fibulotalar joints), surgical; with removal of loose body or foreign",Arthroscopy codes,already_present,verified,,7.17,14.22,90,474.96,PPRRVU2026_Jul_nonQPP.csv
29895,"Arthroscopy, ankle (tibiotalar and fibulotalar joints), surgical; synovectomy, partial",Arthroscopy codes,already_present,verified,,6.95,12.98,90,433.54,PPRRVU2026_Jul_nonQPP.csv
29897,"Arthroscopy, ankle (tibiotalar and fibulotalar joints), surgical; debridement, limited",Arthroscopy codes,already_present,verified,,7.14,13.92,90,464.94,PPRRVU2026_Jul_nonQPP.csv
29898,"Arthroscopy, ankle (tibiotalar and fibulotalar joints), surgical; debridement, extensive",Arthroscopy codes,already_present,verified,,8.28,15.68,90,523.73,PPRRVU2026_Jul_nonQPP.csv
29899,"Arthroscopy, ankle (tibiotalar and fibulotalar joints), surgical; with ankle arthrodesis",Arthroscopy codes,already_present,verified,,15.02,27.58,90,921.2,PPRRVU2026_Jul_nonQPP.csv
29904,"Arthroscopy, subtalar joint, surgical; with removal of loose body or foreign body",Arthroscopy codes,newly_added,verified,,8.43,18.03,90,602.22,PPRRVU2026_Jul_nonQPP.csv
29905,"Arthroscopy, subtalar joint, surgical; with synovectomy",Arthroscopy codes,newly_added,verified,,8.95,14.3,90,477.63,PPRRVU2026_Jul_nonQPP.csv
29906,"Arthroscopy, subtalar joint, surgical; with debridement",Arthroscopy codes,newly_added,verified,,9.41,18.74,90,625.93,PPRRVU2026_Jul_nonQPP.csv
29907,"Arthroscopy, subtalar joint, surgical; with subtalar arthrodesis",Arthroscopy codes,newly_added,verified,,11.88,24.55,90,819.99,PPRRVU2026_Jul_nonQPP.csv
29914,"Arthroscopy, hip, surgical; with femoroplasty (ie, treatment of cam lesion)",Arthroscopy codes,already_present,verified,,14.3,27.4,90,915.18,PPRRVU2026_Jul_nonQPP.csv
29915,"Arthroscopy, hip, surgical; with acetabuloplasty (ie, treatment of pincer lesion)",Arthroscopy codes,already_present,verified,,14.63,27.91,90,932.22,PPRRVU2026_Jul_nonQPP.csv
29916,"Arthroscopy, hip, surgical; with labral repair",Arthroscopy codes,already_present,verified,,14.63,27.86,90,930.55,PPRRVU2026_Jul_nonQPP.csv
29999,"Unlisted procedure, arthroscopy",Arthroscopy codes,already_present,no_work_rvu,"CMS source lists zero work RVU; likely unlisted, contractor-priced, add-on/global indicator, deleted, or non-valued",0,0,90,0,PPRRVU2026_Jul_nonQPP.csv
64718,Neuroplasty and/or transposition; ulnar nerve at elbow,Neuroplasty,already_present,verified,,7.08,17.22,90,575.16,PPRRVU2026_Jul_nonQPP.csv
64719,Neuroplasty and/or transposition; ulnar nerve at wrist,Neuroplasty,newly_added,verified,,4.85,11.61,90,387.78,PPRRVU2026_Jul_nonQPP.csv
64721,Neuroplasty and/or transposition; median nerve at carpal tunnel,Neuroplasty,already_present,verified,,4.85,14.45,90,482.64,PPRRVU2026_Jul_nonQPP.csv
